canonical_smiles,count,mean,std,min,max
Brc1ccc2c(c1)CC/C2=C/c1cccnc1,3,4.132688341524582,1.731780903159112,2.1330000002918488,5.132532512140949
Brc1ccc2c(c1)CC/C2=C/c1ccncc1,3,4.4242752991040595,1.7516546996317017,2.4020000002799446,5.468521082957745
Brc1ccc2c(c1)CC/C2=C\c1cccnc1,3,4.106158825251504,1.7321883543836798,2.1059999998703995,5.106238237942057
Brc1ccc2c(c1)CC/C2=C\c1ccncc1,3,4.127072860555565,1.5246212821306138,2.468999999476236,5.468521082957745
C#CC[C@]12CCC(=O)C=C1CC[C@@H]1[C@@H]2CC[C@]2(C)C(=O)CC[C@@H]12,2,6.6251318422154695,0.8840699295323946,6.0,7.250263684430939
C(=C(c1ccccc1)c1ccccc1)c1cccnc1,3,4.436081851956217,1.7338562893623155,2.433999999578282,5.440093374963888
C(=C1/CCCc2ccccc21)\c1cccnc1,3,4.421240526677908,1.732259109808329,2.420999999969867,5.421360790031928
C(=C1/CCc2ccccc21)\c1cccnc1,3,4.449847764725237,1.7319189677059847,2.450000000285898,5.449771646944906
C(=C1/CCc2ccccc21)\c1ccncc1,3,3.8951143975661235,1.7321498787623504,1.895000000005682,4.895171596346344
C(=C1\CC(c2ccccc2)c2ccccc21)\c1cccnc1,3,4.391315977674049,1.7323244521087495,2.391000000176534,5.391473966422806
C(=C1\CCCc2ccccc21)\c1cccnc1,3,4.1818494043355985,1.7319203876945435,2.1820000002347077,5.181774106386045
C(=C1\CCCc2ccccc21)\c1ccncc1,3,5.187057762314493,1.732100831002126,3.1870000002291885,6.187086643357144
C(=C1\CCc2ccccc21)\c1cccnc1,3,4.690246555380483,1.732264329931638,2.690000000993247,5.690369832574101
C(=C1\CCc2ccccc21)\c1ccncc1,3,4.173950131622795,1.7320076200535117,2.174000000270039,5.173925197299173
C(=C1c2ccccc2-c2ccccc21)c1cccnc1,3,4.317903282552844,1.7319670474508755,2.318000000406195,5.317854923626168
C(=C1c2ccccc2-c2ccccc21)c1ccncc1,3,4.562166291554874,1.7321948200153514,2.562000000305397,5.562249437179612
C(\Cn1ccnc1)=C1/CCCc2occc21,2,5.420818753952375,0.28138607863743126,5.221848749616356,5.619788758288394
C(\Cn1ccnc1)=C1/CCCc2sccc21,2,5.4089353929735005,0.0,5.4089353929735005,5.4089353929735005
C(\Cn1ccnc1)=C1\CCCc2occc21,2,5.619894643379946,0.00014974413252668436,5.619788758288394,5.620000528471499
C(\Cn1ccnc1)=C1\CCCc2sccc21,3,6.167327255156195,0.00028376558618004754,6.16699959088106,6.167491087293763
C1=C(CCCn2ccnc2)c2cccnc2CC1,3,6.657715569779416,0.00023945706618694023,6.657577319177793,6.657992070982661
C1=C(CCn2ccnc2)c2cccnc2CC1,4,6.3010234814421775,1.3028443607510098e-05,6.301003938776766,6.301029995663981
C1=C(Cn2ccnc2)c2cccnc2CC1,4,6.53325551541074,0.47289789937972054,5.823908740944319,6.770011163455189
C1=C(c2cccnc2)CCc2ccccc21,2,6.890085589914003,2.121320343559643,5.390085589914002,8.390085589914003
C1=NC=NC1CC(Cc1ccccc1)c1ccccc1,2,3.8244999771175605,0.7389265571063077,3.3019999977888617,4.346999956446259
C=C(c1ccc(C#N)cc1)n1ccnc1,4,8.961199521674576,0.38748761561685935,8.379968104873702,9.155026061853112
C=C1C[C@@H]2[C@H](CC[C@]3(C)C(=O)CC[C@@H]23)[C@@]2(C)C=CC(=O)C=C12,8,7.177397021668623,0.571313494594291,6.045757490560675,7.823908740944319
C=C1C[C@@H]2[C@H](CC[C@]3(C)C(=O)CC[C@@H]23)[C@]2(C)C1=CC(=O)[C@@H]1O[C@@H]12,2,6.009816486907614,0.11553911854252809,5.928117992693875,6.091514981121351
C=C1C[C@@]2(C)C(=CC1=O)CC[C@@H]1[C@@H]2CC[C@]2(C)C(=O)CC[C@@H]12,2,6.259819000551894,0.0002569485273965451,6.259637310505756,6.260000690598032
C=C1C[C@H]2[C@@H]3CC[C@H](O)[C@@]3(C)CC[C@@H]2[C@@]2(C)C=CC(=O)C=C12,2,6.801029995663981,0.28138607863743126,6.6020599913279625,7.0
C=CCN1C(=O)C2CC2(c2ccc(N)cc2)C1=O,3,6.1033010662094,0.08946136134702,6.0,6.155001238642457
C=CC[C@@H]1CC2=CC(=O)C=C[C@]2(C)[C@H]2CC[C@]3(C)C(=O)CC[C@H]3[C@H]12,4,6.327902142064283,0.0,6.327902142064283,6.327902142064283
CC(=O)N1CCN(c2ccc(/C=C/c3cc(F)cc(-c4ccncc4)c3)cc2)CC1,2,5.0,0.0,5.0,5.0
CC(=O)N1CCN(c2ccc(OCC3COC(Cn4ccnc4)(c4ccc(Cl)cc4Cl)O3)cc2)CC1,13,5.5869160941858915,1.036649735366125,3.958607314841775,7.397940008672037
CC(=O)N1CCN(c2ccc(OC[C@H]3CO[C@](Cn4ccnc4)(c4ccc(Cl)cc4Cl)O3)cc2)CC1,4,5.755573940940663,0.1999321687473105,5.585026652029182,6.021600336101002
CC(=O)OC1=C2CC[C@@H]3[C@H](CC[C@]4(C)C(=O)CC[C@@H]34)[C@@]2(C)CCC1,2,6.180229165473678,0.0003208836211039125,6.180002266489224,6.180456064458132
CC(=O)OC1=C2CC[C@@H]3[C@H](CC[C@]4(C)C(=O)CC[C@@H]34)[C@@]2(CO)CCC1,2,5.443848951918825,0.00021418644275797086,5.443697499232712,5.444000404604937
CC(=O)O[C@@H]1CCC[C@@]2(C)C1=CC[C@@H]1[C@@H]2CC[C@]2(C)C(=O)CC[C@@H]12,2,6.1549515993141,7.020061138971561e-05,6.154901959985743,6.155001238642457
CC(=O)O[C@H]1CCC[C@@]2(C)C1=CC[C@@H]1[C@@H]2CC[C@]2(C)C(=O)CC[C@@H]12,2,6.0,0.0,6.0,6.0
CC(=O)Oc1cc(/C=C/c2ccc(N)cc2)cc(OC(C)=O)c1,2,5.53982648785732,0.011559524653067742,5.531652669587842,5.548000306126797
CC(C(=O)OC12CC3CC(CC(C3)C1)C2)c1cccnc1,2,5.040979368902082,2.9360803387208396e-05,5.040958607678906,5.0410001301252585
CC(C(=O)OC1CCCCC1)c1ccncc1,2,5.677890340593233,0.00015504776657564542,5.6777807052660805,5.677999975920387
CC(C)(C#N)c1cc(/C=C/c2ccc(OS(N)(=O)=O)cc2)cc(Cn2cncn2)c1,2,7.593204502380897,0.0003610730259426537,7.592949185195749,7.5934598195660445
CC(C)(C#N)c1cc(Cn2cncn2)cc(C(C)(C)C#N)c1,11,8.081426737948252,0.7355772538275867,6.221848749616356,8.823908740944319
CC(C)(C#N)c1cc(Cn2cncn2)cc(Oc2ccc(OS(N)(=O)=O)cc2)c1,2,8.259834806873123,0.00027930204125138565,8.259637310505756,8.260032303240491
CC(C)(C#N)c1cc(Cn2cncn2)cc(Sc2ccc(OS(N)(=O)=O)c(Br)c2)c1,2,8.301029995663981,0.0,8.301029995663981,8.301029995663981
CC(C)(C#N)c1cc(Cn2cncn2)cc(Sc2ccc(OS(N)(=O)=O)c(Cl)c2)c1,2,8.37685413767786,0.00014626938746919551,8.3767507096021,8.376957565753619
CC(C)(C#N)c1cc(Cn2cncn2)cc(Sc2ccc(OS(N)(=O)=O)cc2)c1,2,8.45599400658341,8.775327197406065e-05,8.455931955649724,8.456056057517094
CC(C)(C#N)c1cc(Cn2cncn2)cc(Sc2ccccc2)c1,2,8.638177772656881,0.00013348949272864603,8.638083381331356,8.638272163982407
CC(C)(C(=O)OC1(C)C2CC3CC(C2)CC1C3)c1cccnc1,2,4.397970031353465,4.245848325308994e-05,4.3979400086720375,4.398000054034892
CC(C)(C(=O)OC12CC3CC(CC(C3)C1)C2)c1cccnc1,2,4.455965957365368,4.8085687408553634e-05,4.455931955649724,4.455999959081013
CC(C)(C(=O)OC1CCCCC1)c1ccncc1,3,3.314018835581765,2.7228001817375294,0.1700000000012729,4.886056647693163
CC(C)(C)CN1C(=O)C2CC2(c2ccc(N)cc2)C1=O,3,6.584836349150944,0.1977040959050958,6.356547323513812,6.698991719603
CC(C)(OC(=O)C12CC3CC(CC(C3)C1)C2)c1cccnc1,2,4.292214911940571,0.00030393141065918506,4.291999999979078,4.292429823902063
CC(C)(OC(=O)C12CC3CC(CC(C3)C1)C2)c1ccncc1,2,4.698984988012588,2.1190118617844183e-05,4.698970004336019,4.698999971689156
CC(C)=CCc1c(O)cc2oc3cc(O)c(O)c(CC=C(C)C)c3c(=O)c2c1O,2,5.232397260264706,0.10075755585656779,5.161150909262744,5.303643611266668
CC(C)=CCc1cc(C2CC(=O)c3ccc(O)cc3O2)ccc1O,3,4.939067718007222,1.1145661876014257,4.207608310501746,6.221848749616356
CC(C)=CCc1cc2cc(-c3cc(O)cc(O)c3)oc2cc1O,2,4.507239610973162,0.0,4.507239610973162,4.507239610973162
CC(C)C1(c2ccc(N)cc2)CCC(=O)NC1=O,2,4.795940012556608,8.484604324174029e-05,4.795880017344075,4.796000007769141
CC(C)CC(C)OC(=O)Cc1ccncc1,2,5.013114125538204,0.000161418612561247,5.012999985342652,5.013228265733755
CC(C)CC1(c2ccc(N)cc2)CCC(=O)NC1=O,3,5.522919285107823,7.021704093443943e-05,5.522878745280337,5.523000364762793
CC(C)CCC1(c2ccc(N)cc2)CCC(=O)NC1=O,3,6.397961725024899,3.761382651253313e-05,6.3979400086720375,6.3980051577306245
CC(C)CCOC(=O)Cc1ccncc1,2,4.928058929316668,8.352822908453916e-05,4.927999865939462,4.928117992693875
CC(C)CN1C(=O)C2CC(c3ccc(N)cc3)(C2)C1=O,2,7.207818554740489,0.00029733025384123026,7.207608310501746,7.208028798979232
CC(C)N1C(=O)C2CC2(c2ccc(N)cc2)C1=O,3,5.498303247092391,0.1737825120333242,5.3979400086720375,5.698970004336019
CC(C)Oc1cc([N+](=O)[O-])ccc1N(C)S(C)(=O)=O,2,5.55129368009492,0.0,5.55129368009492,5.55129368009492
CC(C)Oc1cc([N+](=O)[O-])ccc1NS(C)(=O)=O,2,5.231361898752385,0.0,5.231361898752385,5.231361898752385
CC/C(=C(/c1ccc(O)cc1)c1ccc(OCCN)cc1)c1ccccc1,4,7.066608719683933,0.05973531755541935,6.991399828238082,7.114638779968488
CC/C(=C(\c1ccc(O)cc1)c1ccc(OCCN)cc1)c1ccccc1,3,6.4993493319184905,0.8864024734919433,5.987584625237567,7.522878745280337
CC/C(=C(\c1ccc(O)cc1)c1ccc(OCCNC)cc1)c1ccccc1,4,5.164591916055486,0.10978011329611083,5.0,5.221848749616356
CC1(C)C2CCC1(C)C(OC(=O)Cc1ccncc1)C2,2,6.7754151339174,0.33631855632511015,6.537602002101044,7.013228265733755
CC1(C)C[C@@]2(C)C(=CC1=O)CC[C@@H]1[C@@H]2CC[C@]2(C)C(=O)CC[C@@H]12,2,7.0508052696640675,0.0002761624045697963,7.050609993355087,7.051000545973047
CC1(OC(=O)Cc2cccnc2)C2CC3CC(C2)CC1C3,2,4.966788066352914,0.0002995613187410954,4.966576244513051,4.966999888192777
CC1(c2ccc(N)cc2)CC(=O)NC1=O,2,4.950678137091471,0.06729980727899856,4.903089986991944,4.998266287190999
CC1(c2ccc(N)cc2)CCC(=O)NC1=O,2,3.8698331129502153,0.00023600600314000947,3.869666231504994,3.869999994395436
CC1=C(c2cccnc2)CCc2ccccc21,2,5.2186036948032095,0.0,5.2186036948032095,5.2186036948032095
CC1=C[C@@]2(C)C(=CC1=O)CC[C@@H]1[C@@H]2CC[C@]2(C)C(=O)CC[C@@H]12,2,6.236785514690798,0.00030194626811111305,6.236572006437063,6.236999022944533
CC1C(OC(=O)Cc2ccncc2)CC2CC1C2(C)C,2,6.969273760456403,0.0685257273628731,6.920818753952375,7.017728766960431
CC1C/C(=C/c2cccnc2)c2ccccc21,3,4.552894645752943,1.7319595681636615,2.552999999943267,5.552841968657781
CC1CC(c2cccnc2)=Cc2ccccc21,2,5.449649327698385,0.0,5.449649327698385,5.449649327698385
CC1CCC(C(C)C)C(OC(=O)Cc2ccncc2)C1,2,6.56421353222706,0.07859523842788832,6.508638306165727,6.619788758288394
CC1CCC(OC(=O)Cc2ccncc2)C1,2,5.698985205174921,2.14972325350444e-05,5.698970004336019,5.699000406013823
CC1CCC(OC(=O)Cc2ccncc2)CC1,2,6.261439372640169,0.7954518090751563,5.698970004336019,6.823908740944319
CC1Cc2ccccc2C=C1c1cccnc1,2,5.747875447494356,0.0,5.747875447494356,5.747875447494356
CCC#CCO[C@@H]1C[C@@H]2[C@H](CC[C@]3(C)C(=O)CC[C@@H]23)[C@@]2(C)C=CC(=O)C=C12,3,7.925684913113375,0.004214217452284346,7.920818753952375,7.928117992693875
CCC#CCOc1cc(Cn2ccnc2)c2c(=O)c3ccccc3oc2c1,2,8.272577569995745,3.857157790832601,5.54515513999149,11.0
CCC#CCOc1cc(Cn2ccnc2)c2oc3ccccc3c(=O)c2c1,2,7.184608145852421,2.7278781370733567,5.255707016877324,9.113509274827518
CCC#CCOc1ccc2c(=O)c3ccc(Cn4ccnc4)cc3oc2c1,2,8.556754637413759,3.455270727974632,6.113509274827518,11.0
CCC(=C(c1ccc(O)cc1)c1ccc(O)cc1)c1ccccc1,3,4.604033300288901,0.00020147854521966813,4.603800652904264,4.604149623981219
CCC(=C(c1ccc(O)cc1)c1ccc(OCCN)cc1)c1ccccc1,3,7.00895189965443,0.03187457672610635,6.990549104201306,7.045757490560675
CCC(C)C1(c2ccc(N)cc2)CCC(=O)NC1=O,3,5.522919285107823,7.021704093443943e-05,5.522878745280337,5.523000364762793
CCC(C)CC1(c2ccc(N)cc2)CCC(=O)NC1=O,3,5.958737661851302,0.00022576764311684288,5.958607314841775,5.958998355870358
CCC(CC)Oc1cc([N+](=O)[O-])ccc1N(C)S(C)(=O)=O,2,6.638272163982407,0.0,6.638272163982407,6.638272163982407
CCC(CC)Oc1cc([N+](=O)[O-])ccc1NS(C)(=O)=O,2,6.522878745280337,0.0,6.522878745280337,6.522878745280337
CCC1(c2ccc(N)cc2)CC(=O)NC1=O,2,4.972693472721556,0.14570252182234666,4.8696662315049934,5.075720713938118
CCC1(c2ccc(N)cc2)CCC(=O)NC1=O,42,4.943919137795271,1.525781953112967,-3.4499999999999997,8.2839966563652
CCC1(c2ccncc2)CCC(=O)NC1=O,3,4.882605827296213,0.48783269216389147,4.346787486224656,5.301029995663981
CCC1=C(c2cccnc2)CCc2ccccc21,2,5.821886747685368,0.0,5.821886747685368,5.821886747685368
CCCC(=O)OC1=C2CC[C@@H]3[C@H](CC[C@]4(C)C(=O)CC[C@@H]34)[C@@]2(C)CCC1,2,5.823955070631063,6.552007133591227e-05,5.823908740944319,5.824001400317809
CCCC(C)C1(c2ccc(N)cc2)CCC(=O)NC1=O,3,6.221899426174827,8.777437402421927e-05,6.221848749616356,6.222000779291768
CCCC1(c2ccc(N)cc2)CCC(=O)NC1=O,2,4.95880362569514,0.0002776254712690659,4.958607314841775,4.958999936548504
CCCCC1(c2ccc(N)cc2)CC(=O)NC1=O,2,3.072500226359586,3.3198666577949623,0.7249999999976484,5.420000452721523
CCCCC1(c2ccc(N)cc2)CCC(=O)NC1=O,3,5.638181556973245,0.00015693594339013318,5.638000342954921,5.638272163982407
CCCCCC(=O)OC1=C2CC[C@@H]3[C@H](CC[C@]4(C)C(=O)CC[C@@H]34)[C@@]2(C)CCC1,2,5.7448638579163855,0.00019284643185457368,5.7447274948966935,5.7450002209360775
CCCCCC1(c2ccc(N)cc2)CCC(=O)NC1=O,3,5.886037718145729,3.278693792072128e-05,5.88599985905086,5.886056647693163
CCCCCCC1(c2ccc(N)cc2)CCC(=O)NC1=O,3,5.823939627402148,5.349691422752849e-05,5.823908740944319,5.824001400317809
CCCCCCCC1(c2ccc(N)cc2)CCC(=O)NC1=O,3,5.769701030431388,0.00025972415301943764,5.769551078621726,5.770000934050708
CCCCCCCCC1(c2ccncc2)CCC(=O)NC1=O,2,6.351667404869234,0.18359130290765754,6.221848749616356,6.481486060122113
CCCCCCCCCOc1cc([N+](=O)[O-])ccc1N(C)S(C)(=O)=O,2,5.402304814074488,0.0,5.402304814074488,5.402304814074488
CCCCCCCCCOc1cc([N+](=O)[O-])ccc1NS(C)(=O)=O,2,6.040958607678906,0.0,6.040958607678906,6.040958607678906
CCCCCCCCC[C@H]1C[C@](CC)(c2ccncc2)C(=O)NC1=O,2,5.38710812615753,0.0001527592799394207,5.387000109034796,5.3872161432802645
CCCCCCCCN1C(=O)CCC(CC)(c2ccncc2)C1=O,4,5.635151878060192,0.5432814883320856,5.045757490560675,6.096910013008056
CCCCCCCC[C@H]1C[C@](CC)(c2ccncc2)C(=O)NC1=O,3,5.57521031056761,0.03860614925839791,5.552841968657781,5.619788758288394
CCCCCCCC[C@H]1C[C@](CCCCCCCC)(c2ccncc2)C(=O)NC1=O,2,4.585013289533196,1.8897423049838344e-05,4.58499992703721,4.585026652029182
CCCCCCCC[C@]1(c2ccncc2)CCC(=O)NC1=O,3,6.024455180739186,0.3958003563655161,5.795880017344075,6.481486060122113
CCCCCCCN1C(=O)C2CC(c3ccc(N)cc3)(C2)C1=O,2,7.309892569591396,0.00012536949477461926,7.309803919971486,7.309981219211305
CCCCCCCN1C(=O)CC(c2ccc(N)cc2)C1=O,2,11.911486790210619,8.469000211867078,5.9229993105291,17.899974269892137
CCCCCCOc1cc([N+](=O)[O-])ccc1N(C)S(C)(=O)=O,2,5.347753658996677,0.0,5.347753658996677,5.347753658996677
CCCCCCOc1cc([N+](=O)[O-])ccc1NS(C)(=O)=O,2,5.573488738635425,0.0,5.573488738635425,5.573488738635425
CCCCCN1C(=O)C2CC(c3ccc(N)cc3)(C2)C1=O,2,7.50884855040447,0.00029733025384123026,7.508638306165727,7.509058794643213
CCCCCN1C(=O)C2CC2(c2ccc(N)cc2)C1=O,4,7.158428804273979,0.3358408771219521,6.853871964321762,7.638272163982407
CCCCN1C(=O)C2CC2(c2ccc(N)cc2)C1=O,3,7.206632448494278,0.33144845781566773,6.823908740944319,7.398048595866478
CCCC[C@H]1C[C@](CC)(c2ccncc2)C(=O)NC1=O,2,5.060240271459225,0.0003400843105389698,5.059999795537068,5.060480747381382
CCCN1C(=O)C2CC(c3ccc(N)cc3)(C2)C1=O,2,6.954833580153759,0.00022140777684831914,6.954677021213342,6.954990139094176
CCCN1C(=O)C2CC2(c2ccc(N)cc2)C1=O,3,6.380939844414715,0.27542220815129154,6.221848749616356,6.698970004336019
CCCOc1cc([N+](=O)[O-])ccc1N(C)S(C)(=O)=O,2,6.119186407719209,0.0,6.119186407719209,6.119186407719209
CCCOc1cc([N+](=O)[O-])ccc1NS(C)(=O)=O,2,5.600326278518962,0.0,5.600326278518962,5.600326278518962
CCC[C@H]1CCC[C@@]2(C)C1=CC[C@@H]1[C@@H]2CC[C@]2(C)C(=O)CC[C@@H]12,2,5.259818605408604,0.0002563897103972494,5.259637310505756,5.259999900311453
CCN1C(=O)C2CC2(c2ccc(N)cc2)C1=O,3,5.303987316277625,0.2581385134217439,5.154901959985743,5.6020599913279625
CCO[C@@H]1C[C@@H]2[C@H](CC[C@]3(C)C(=O)CC[C@@H]23)[C@@]2(C)C=CC(=O)C=C12,2,5.497159782113366,1.0675026418441456,4.742321425130816,6.251998139095916
CCOc1ccc2c(c1)CC/C2=C/c1cccnc1,3,4.1147591867139175,1.7318422569682208,2.115000000204774,5.114638779968488
CCOc1ccc2c(c1)CC/C2=C\c1cccnc1,3,4.149977828285372,1.7320316060966827,2.1500000002356523,5.149966742310231
CCOc1ccc2cc(-c3cccnc3)ccc2c1,2,5.177930041640248,4.625933174179437e-05,5.17789733135308,5.177962751927415
CCS(=O)(=O)N1CCN(c2ccc(/C=C/c3cc(F)cc(-c4ccncc4)c3)cc2)CC1,2,5.0,0.0,5.0,5.0
CC[C@@H]1C[C@@]2(C)C(=CC1=O)CC[C@@H]1[C@@H]2CC[C@]2(C)C(=O)CC[C@@H]12,3,6.318921668876807,0.0001410809530085987,6.318758762624412,6.319003122003004
CC[C@H]1CCC[C@@]2(C)C1=CC[C@@H]1[C@@H]2CC[C@]2(C)C(=O)CC[C@@H]12,2,5.346893673056908,0.00015017085831472028,5.346787486224656,5.346999859889158
CC[C@H]1CC[C@@H](OC(=O)Cc2ccncc2)CC1,2,5.792499884348267,1.5959398118827617,4.664000021000383,6.920999747696151
CC[C@]1(c2ccncc2)CCC(=O)NC1=O,3,4.467219812906549,0.46140120807272256,4.200659450546418,5.0
CC[C@]1(c2ccncc2)C[C@@H](C)C(=O)NC1=O,2,4.031758522632824,0.0003414918272357915,4.031517051446065,4.031999993819582
CC[C@]1(c2ccncc2)C[C@H](C)C(=O)NC1=O,2,4.638136064763204,0.0001924733616243148,4.637999965544002,4.638272163982407
CCc1ccc(C(c2cc3ccc(OC)cc3o2)n2cncn2)cc1,3,6.249036570006687,0.5871467666852317,5.90999956608739,6.927015255372069
CCn1c(C(Cc2ccc(Cl)cc2)n2ccnn2)c(C)c2cc(Br)ccc21,2,3.1834996321928353,3.5956374621823164,0.6409999999953313,5.72599926439034
CCn1c(C(c2ccc(F)cc2)n2ccnc2)c(C)c2cc(Br)ccc21,2,6.623213296101407,0.0002966268287352092,6.623003549259327,6.623423042943488
CCn1c(C)c(C(Cc2ccc(F)cc2)n2ccnc2)c2ccccc21,2,4.384992879970621,4.398194109702363,1.2750000000253503,7.494985759915893
CCn1cc(C(c2ccc(F)cc2)n2ccnc2)c2cc(Br)ccc21,2,7.285837986297061,0.00023722872804748563,7.285670240254767,7.286005732339356
CCn1cc(C(c2ccc(F)cc2)n2ccnc2)c2ccccc21,2,7.244048965677033,0.00010773288066351819,7.243972787026559,7.244125144327507
CCn1cc(C(c2ccccc2)n2ccnc2)c2cc(Br)ccc21,2,6.991208312211305,0.00027084456247972443,6.991016796184528,6.991399828238082
CCn1ccc2cc(C(c3ccc(F)cc3)n3ccnc3)ccc21,5,7.391463329574451,0.005913004307095136,7.387004343967653,7.397940008672037
CCn1ccc2cc(C(c3ccccc3)n3ccnc3)ccc21,2,6.688119065552762,0.0001797089136543457,6.687991992161277,6.688246138944246
CN(c1ccc([N+](=O)[O-])cc1OC1CCCC1)S(C)(=O)=O,2,6.356547323513812,0.0,6.356547323513812,6.356547323513812
CN(c1ccc([N+](=O)[O-])cc1OC1CCCCC1)S(C)(=O)=O,2,6.327902142064283,0.0,6.327902142064283,6.327902142064283
CN(c1ccc([N+](=O)[O-])cc1OCC1CCCCC1)S(C)(=O)=O,2,6.017728766960431,0.0,6.017728766960431,6.017728766960431
CN(c1ccc([N+](=O)[O-])cc1OCc1ccc(F)cc1)S(C)(=O)=O,2,5.749579997691106,0.0,5.749579997691106,5.749579997691106
CN(c1ccc([N+](=O)[O-])cc1OCc1ccc([N+](=O)[O-])cc1)S(C)(=O)=O,2,6.309803919971486,0.0,6.309803919971486,6.309803919971486
CN(c1ccc([N+](=O)[O-])cc1OCc1ccc2ccccc2c1)S(C)(=O)=O,2,5.571865205971212,0.0,5.571865205971212,5.571865205971212
CN(c1ccc([N+](=O)[O-])cc1OCc1ccccc1)S(C)(=O)=O,2,6.091514981121351,0.0,6.091514981121351,6.091514981121351
CN(c1ccc([N+](=O)[O-])cc1OCc1ccccc1-c1ccccc1)S(C)(=O)=O,2,6.481486060122113,0.0,6.481486060122113,6.481486060122113
CN1C(=O)C2CC2(c2ccc(N)cc2)C1=O,3,5.103310685248201,0.4319295739365118,4.853871964321762,5.6020599913279625
CN1C(=O)CC(C)(c2ccc(N)cc2)C1=O,2,4.901737264734537,0.13651265272054547,4.805208242278075,4.998266287190999
CN1C(=O)CC(c2ccc(N)cc2)C1=O,2,4.889079099575472,0.15441400156325397,4.779891911959945,4.998266287190999
CN1C(=O)CCc2cc(-c3cccnc3)ccc21,2,6.685295200448641,0.4450597956694388,6.370590400897281,7.0
CN1N=C2[C@H](C[C@H]3[C@@H]4CCC5=CC(=O)C=C[C@]5(C)[C@H]4CC[C@]23C)[C@H]1c1ccccc1,2,5.675464593447205,0.09116588934354049,5.611000574879485,5.739928612014925
COC(=O)c1ccc2cc(-c3cccnc3)ccc2c1,2,5.902395671125589,0.0,5.902395671125589,5.902395671125589
CO[C@@H]1C[C@@H]2[C@H](CC[C@]3(C)C(=O)CC[C@@H]23)[C@@]2(C)C=CC(=O)C=C12,2,5.745998705054863,0.6533695631010752,5.2839966563652006,6.208000753744525
CO[C@H]1CCC[C@@]2(CO)C1=CC[C@@H]1[C@@H]2CC[C@]2(C)C(=O)CC[C@@H]12,3,3.8239391640565956,5.269437618807957e-05,3.823908740944319,3.82400001028115
COc1cc(/C=C(\Cn2ccnc2)c2ccc(N)cc2)cc(OC)c1,2,7.420873047549595,0.03227864912399329,7.398048595866478,7.443697499232712
COc1cc(/C=C(\Cn2ccnc2)c2ccc([N+](=O)[O-])cc2)cc(OC)c1,2,7.188447749281117,0.047440910182028256,7.154901959985743,7.221993538576491
COc1cc(/C=C/c2ccc(N)cc2)c(OC)c(OC)c1,2,5.629032490999531,0.018430967354244366,5.615999828999517,5.642065152999546
COc1cc(/C=C/c2ccc(N)cc2)cc(OC)c1,2,6.369075347171301,0.19788716858102143,6.229147988357855,6.509002705984747
COc1cc(/C=C/c2ccc(N)cc2)cc(OC)c1OC,2,6.0458781614395525,0.00017065439349229927,6.045757490560675,6.04599883231843
COc1cc(/C=C2\C[C@H]3[C@@H]4CC=C5C[C@@H](O)CC[C@]5(C)[C@H]4CC[C@]3(C)[C@H]2O)ccc1OCCCn1ccnc1,2,5.619788758288394,0.0,5.619788758288394,5.619788758288394
COc1cc(C2CC(=O)Oc3cc4c(cc32)OCO4)cc(OC)c1O,2,4.91721462968355,0.0,4.91721462968355,4.91721462968355
COc1cc(CCc2ccc(N)cc2)cc(OC)c1,2,5.556045561345719,0.004306784590514406,5.553000204756657,5.559090917934782
COc1cc(Cn2ccnc2)c2ccc(=O)oc2c1,5,5.531280752691437,2.7751182919688233,0.5669999999985326,6.774690718274137
COc1cc(O)c(C(=O)/C=C/c2ccccc2)c(O)c1,2,4.791000043750123,0.07636745266285101,4.737000100110278,4.844999987389968
COc1cc([N+](=O)[O-])ccc1N(C)S(C)(=O)=O,2,4.6020599913279625,0.0,4.6020599913279625,4.6020599913279625
COc1cc([N+](=O)[O-])ccc1NS(C)(=O)=O,2,4.6020599913279625,0.0,4.6020599913279625,4.6020599913279625
COc1cc2c(cc1Br)CCC1C(c3ccncc3)C21,4,5.824231318706054,0.20029374641201117,5.552841968657781,6.036212172654444
COc1cc2c(cc1OC)/C(=C/c1cccnc1)CCC2,3,5.008849282193093,1.731920283882287,3.0089999979642705,6.008773924307505
COc1cc2c(cc1OC)/C(=C/c1ccncc1)CCC2,3,6.0458383240679,1.7319107998274088,4.045999991082351,7.045757490560675
COc1cc2ccc(Cn3ccnc3)cc2cc1F,2,3.6885055817290118,4.3579069862055535,0.6070000000028342,6.770011163455189
COc1cc2ccccc2cc1-n1ccnc1,2,6.889410289700751,0.0,6.889410289700751,6.889410289700751
COc1ccc(-c2c(-n3ccnc3)oc3cc(OC)ccc3c2=O)cc1,3,2.702646669557346,5.189784251740871,-3.2899999999999987,5.698970004336019
COc1ccc(-c2c(-n3ccnc3)oc3cc(OCc4ccccc4)ccc3c2=O)cc1,3,2.3286014280428553,5.194941223862724,-3.67,5.327902142064283
COc1ccc(-c2c(SCc3ccncc3)oc3cc(O)ccc3c2=O)cc1,2,6.6577846950802275,0.0002932738137307743,6.657577319177793,6.657992070982661
COc1ccc(-c2c(SCc3ccncc3)oc3cc(OC)ccc3c2=O)cc1,3,5.508758838024472,0.0002087673032783671,5.508638306165727,5.508999901741964
COc1ccc(-c2c(SCc3ccncc3)oc3cc(OCc4ccccc4)ccc3c2=O)cc1,3,6.275817028202226,0.00016090371473367505,6.275724130399211,6.276002823808256
COc1ccc(-c2coc3cc(O)cc(O)c3c2=O)cc1,6,3.382047517864455,4.167628573192942,-4.530000000000001,7.991399828238082
COc1ccc(-c2oc3ccccc3c(=O)c2Cn2ccnc2)cc1,3,7.097945154488907,0.0017929176378556437,7.096910013008056,7.100015437450609
COc1ccc(Br)c2c1CCC1C(c3ccncc3)C21,2,5.366765987956435,0.00033155322825172996,5.366531544420414,5.367000431492456
COc1ccc(C(O)(c2cccnc2)c2cc3ccc(OC)cc3o2)cc1,2,6.795934310941295,7.678274153930114e-05,6.795880017344075,6.795988604538516
COc1ccc(C(c2cc3ccc(OC)cc3o2)n2ccnc2)cc1,2,6.886023242994851,4.7241377400331097e-05,6.885989838296538,6.886056647693163
COc1ccc(C(c2cc3ccc(OC)cc3o2)n2cncn2)cc1,2,6.886023242994851,4.7241377400331097e-05,6.885989838296538,6.886056647693163
COc1ccc(C(c2ccncc2)c2cc3c4c(c2)CCN4C(=O)CC3)cc1,3,6.835542613483818,0.24406770724668492,6.563837352959244,7.036212172654444
COc1ccc(CCc2ccc(N)cc2)cc1OC,2,5.959462709117625,0.3032957594066245,5.7450002209360775,6.173925197299173
COc1ccc(CN2C(=O)C3CC(c4ccc(N)cc4)(C3)C2=O)cc1,2,6.619897359061326,0.00015358468596472855,6.619788758288394,6.620005959834258
COc1ccc(COc2ccc3c(Cn4ccnc4)cc(=O)oc3c2)cc1,2,6.896196279044043,0.0,6.896196279044043,6.896196279044043
COc1ccc(OC)c(/C=C/c2ccc(N)cc2)c1,2,6.124465658999836,0.5438175070809612,5.739928612014925,6.509002705984747
COc1ccc(S(=O)(=O)N2CCCC(Cn3ccnc3)C2)cc1C(C)(C)C,3,7.03946237584055,1.726624898826507,5.045757490560675,8.045757490560675
COc1ccc([C@@H]2[C@H]3C[C@H]4[C@@H]5CCC6=CC(=O)C=C[C@]6(C)[C@H]5CC[C@]4(C)C3=NN2C)cc1,2,5.70796411548705,0.045204624504148735,5.675999618959175,5.739928612014925
COc1ccc([C@@H]2[C@H]3C[C@H]4[C@@H]5CCC6=CC(=O)C=C[C@]6(C)[C@H]5CC[C@]4(C)C3=NN2c2ccccc2)cc1,2,5.739964408466519,5.062382732909054e-05,5.739928612014925,5.740000204918113
COc1ccc2c(-c3ccccc3)c(Cn3ccnc3)c(=O)oc2c1,4,6.972350979678691,0.0027056424052908793,6.970007824622153,6.97469413473523
COc1ccc2c(=O)c(-c3ccc(C)cc3)c(SCc3ccncc3)oc2c1,3,5.522919285107823,7.021704093443943e-05,5.522878745280337,5.523000364762793
COc1ccc2c(=O)c(-c3ccccc3)c(-n3ccnc3)oc2c1,3,3.1123395165516787,5.19817850347296,-2.8899999999999992,6.113509274827518
COc1ccc2c(=O)c(-c3ccccc3)c(-n3cncn3)oc2c1,3,1.7431516632644624,5.198881843157831,-4.26,4.7447274948966935
COc1ccc2c(=O)c(-c3ccccc3)c(SCc3ccccn3)oc2c1,2,4.0,0.0,4.0,4.0
COc1ccc2c(=O)c(-c3ccccc3)c(SCc3cccnc3)oc2c1,3,5.0361413810832705,0.00012261459802092009,5.035999797940923,5.036212172654444
COc1ccc2c(=O)c(-c3ccccc3)c(SCc3ccncc3)oc2c1,3,5.795919833146506,6.896299275562576e-05,5.795880017344075,5.79599946475137
COc1ccc2c(=O)c(-c3ccccc3)c(Sc3ncc[nH]3)oc2c1,2,4.301029995663981,0.0,4.301029995663981,4.301029995663981
COc1ccc2c(=O)c(-c3ccccc3)c(Sc3nnc[nH]3)oc2c1,2,4.301029995663981,0.0,4.301029995663981,4.301029995663981
COc1ccc2c(=O)c(Cn3ccnc3)c(-c3ccc(Br)cc3)oc2c1,3,5.388144194239433,0.0016074314132923891,5.3872161432802645,5.390000296157769
COc1ccc2c(=O)c(Cn3ccnc3)c(-c3ccc(C#N)cc3)oc2c1,3,5.743151731570499,0.0027293021416708823,5.740000204918113,5.7447274948966935
COc1ccc2c(=O)c(Cn3ccnc3)c(-c3ccc([N+](=O)[O-])cc3)oc2c1,3,6.3285999242707325,0.0012085942341879608,6.327902142064283,6.329995488683631
COc1ccc2c(=O)c(Cn3ccnc3)c(-c3ccccc3)oc2c1,6,6.259819000551894,0.00019903147348794895,6.259637310505756,6.260000690598032
COc1ccc2c(=O)cc(-c3ccccc3)oc2c1,2,5.172214914897538,1.5842231170867438,4.052000005893011,6.292429823902063
COc1ccc2c(Cl)c(-c3cccnc3)ccc2c1Cl,2,6.013228265733755,0.0,6.013228265733755,6.013228265733755
COc1ccc2c(Cn3ccnc3)cc(=O)oc2c1,6,6.5518937690474575,0.0014689445198633742,6.549997369826814,6.552841968657781
COc1ccc2c(Cn3cncn3)cc(=O)oc2c1,3,5.442465021326162,0.0021347143533520284,5.44000006551306,5.443697499232712
COc1ccc2c(OCCn3ccnc3)cc(=O)oc2c1,2,4.0,0.0,4.0,4.0
COc1ccc2c(c1)/C(=C/c1ccncc1)CC2,3,5.552894646787354,1.7319595663720093,3.5530000030464994,6.552841968657781
COc1ccc2c(c1)/C(=C\c1ccncc1)CC2,3,5.113672849938957,1.7317674871650106,3.114000000161836,6.113509274827518
COc1ccc2c(c1)C(=O)/C(=C/c1c[nH]cn1)CC2,2,7.387216143280264,0.0,7.387216143280264,7.387216143280264
COc1ccc2c(c1)C(=O)/C(=C/c1ccncc1)CC2,4,5.045514150754819,0.3163296058173512,4.88599985905086,5.5200002474083645
COc1ccc2c(c1)C(=O)C(Cc1ccncc1)CC2,4,5.073170636406987,0.03985138998531214,5.017728766960431,5.102372908709558
COc1ccc2c(c1)C(N)=C(CC1=CCNC=C1)C2=O,2,6.955931955649724,2.1213203435596424,5.455931955649724,8.455931955649724
COc1ccc2c(c1)C/C(=C/c1ccncc1)C2=O,3,5.239886697933026,0.06851527392249865,5.200000237109354,5.319000406143307
COc1ccc2c(c1)C/C(=C\c1ccncc1)C2=O,2,5.319379423197596,0.0008777466002270652,5.318758762624412,5.32000008377078
COc1ccc2c(c1)C1C(CC2)C1(C)c1ccncc1,2,6.431898069214196,0.00014112901169249586,6.431798275933005,6.431997862495385
COc1ccc2c(c1)C1C(CC2)C1c1ccncc1,7,6.670017730083535,1.149129318237733,5.0,7.522878745280337
COc1ccc2c(c1)C=C(c1cccnc1)C2,2,4.84391132178011,0.5659878156957097,4.443697499232712,5.2441251443275085
COc1ccc2c(c1)CC(Cc1ccncc1)C2,2,6.619897359061326,0.00015358468596472855,6.619788758288394,6.620005959834258
COc1ccc2c(c1)CC(Cc1ccncc1)C2=O,2,5.468760715765899,0.0003388919672809054,5.468521082957745,5.469000348574053
COc1ccc2c(c1)CC(Cc1ccncc1)CC2,3,3.761177325302464,2.7809611496553974,0.5499999999945225,5.367000431492456
COc1ccc2c(c1)CC/C(=C\c1ccncc1)C2=O,3,5.050536673590492,0.0005040592203426445,5.049999969853415,5.051000057562973
COc1ccc2c(c1)CC/C2=C/c1cccnc1,3,4.2540965365331616,1.7321344107049366,2.2539999999469438,5.254144804826271
COc1ccc2c(c1)CC/C2=C/c1ccncc1,3,4.429304706844364,1.7323146911796932,2.429000000296885,5.429457060118103
COc1ccc2c(c1)CC/C2=C/c1cncs1,3,4.316035246177577,1.732081331623079,2.316000000035757,5.316052869248487
COc1ccc2c(c1)CC/C2=C\c1cccnc1,3,4.3656818200581835,1.731775255226729,2.366000000496014,5.3655227298392685
COc1ccc2c(c1)CC/C2=C\c1cncs1,3,4.363674735776141,1.7317691204576295,2.364000000035153,5.363512103646634
COc1ccc2c(c1)CCC(Cc1ccncc1)C2,2,6.638140027612296,0.00018686904669216025,6.638007891242187,6.638272163982407
COc1ccc2c(c1)CCC(Cc1ccncc1)C2=O,2,5.481242728391236,0.00034412303396163586,5.480999396660359,5.481486060122113
COc1ccc2c(c1)CCC(c1cccnc1)=C2,2,6.089375595110798,0.0,6.089375595110798,6.089375595110798
COc1ccc2c(c1)CCC/C2=C/c1cccnc1,3,4.397960005694885,1.7320161717093059,2.397999999740579,5.3979400086720375
COc1ccc2c(c1)CCC/C2=C/c1ccncc1,3,4.995785750248821,1.7318652633036717,2.995999998311747,5.995678626217358
COc1ccc2c(c1)CCC/C2=C\c1cccnc1,3,4.9469477049431285,1.7320055171655564,2.9470000017962272,5.94692155651658
COc1ccc2c(c1)CCC/C2=C\c1ccncc1,3,5.0969400077683416,1.7319988551201018,3.096999997288913,6.096910013008056
COc1ccc2c(c1)CCC1C(c3ccncc3)C21,3,7.16110895452334,7.266774026606026e-05,7.161025045044532,7.161150909262744
COc1ccc2c(c1)OC(c1ccc(O)c(O)c1)CC2=O,2,6.585317715098599,1.3906223881665718,5.601999194356185,7.568636235841013
COc1ccc2c(c1)OC(c1ccc(O)cc1)CC2=O,2,5.431899243525788,0.00014278973907324975,5.431798275933005,5.43200021111857
COc1ccc2c(c1)OC(c1cccc(O)c1)CC2=O,2,5.455966081468973,4.826119640855468e-05,5.455931955649724,5.456000207288222
COc1ccc2c(c1)OC(c1ccccc1)/C(=C\c1ccncc1)C2=O,2,6.2076083105017466,0.0,6.2076083105017466,6.2076083105017466
COc1ccc2c(c1)OC(c1ccccc1)CC2=O,4,4.846432512753795,0.5009550005085218,4.095000011991012,5.096910013008056
COc1ccc2c(c1)OC(c1ccccc1)CC2n1ccnc1,5,6.91427444103024,0.39479135055905773,6.221848749616356,7.221848749616356
COc1ccc2cc(-c3cccnc3)ccc2c1,3,6.228684505860059,0.005919938561124304,6.221848749616356,6.23210238398191
COc1ccc2cc(-c3cccnc3)ccc2c1Br,2,5.040624663424157,0.0,5.040624663424157,5.040624663424157
COc1ccc2cc(-c3cccnc3)ccc2c1Cl,2,5.743522793758324,0.0,5.743522793758324,5.743522793758324
COc1ccc2cc(C(O)(c3ccc(Cl)cc3)c3cccnc3)oc2c1,3,7.985675769167073,1.1704908399235647,7.309803919971486,9.337242168318426
COc1ccc2cc(C(O)(c3ccc(F)cc3)c3cccnc3)oc2c1,3,7.948118908124349,1.0242044298061468,7.356547323513812,9.130768280269024
COc1ccc2cc(C(c3ccc(C#N)cc3)n3cncn3)oc2c1,3,8.652869104947259,1.1308024604606695,8.0,9.958607314841776
COc1ccc2cc(C(c3ccc(C(F)(F)F)cc3)n3cncn3)oc2c1,2,6.886023242994851,4.7241377400331097e-05,6.885989838296538,6.886056647693163
COc1ccc2cc(C(c3ccc(C)cc3)n3cncn3)oc2c1,3,7.0,0.0,7.0,7.0
COc1ccc2cc(C(c3ccc(Cl)cc3)n3cncn3)oc2c1,3,8.013830195389435,1.1380197150037672,7.356547323513812,9.327902142064282
COc1ccc2cc(C(c3ccc(F)cc3)n3cncn3)oc2c1,3,8.14789796004237,1.4514679159848587,7.309803919971486,9.82390874094432
COc1ccc2cc(C(c3ccc([N+](=O)[O-])cc3)n3cncn3)oc2c1,3,6.678084836503769,0.7900924248310686,6.221848749616356,7.590404980603184
COc1ccc2cc(Cn3ccnc3)c(=O)oc2c1,4,5.549813281682736,0.0001247800041932972,5.549750891680639,5.550000451689026
COc1ccc2ccc(-c3cccnc3)c(Cl)c2c1,2,5.0713337517843655,0.887611700595573,4.443697499232712,5.698970004336019
COc1ccc2ccc(=O)oc2c1Cn1ccnc1,3,3.2243333022192786,2.209519453243097,0.6730000000000449,4.499999953328896
COc1cccc(/C=C/c2ccc(N)cc2)c1OC,2,6.0088869589189455,0.00015985508051691508,6.008773924307505,6.008999993530386
COc1cccc2c1C/C(=C/c1ccncc1)C2=O,3,5.16659950309102,0.4577815106898774,4.637999965544002,5.431798275933005
COc1cccc2c1C/C(=C\c1ccncc1)C2=O,2,4.639136049077685,0.0012217180180747723,4.638272163982407,4.639999934172963
COc1cccc2c1CC(Cc1ccncc1)C2,3,5.261939880866646,0.11783131860417637,5.1938200260161125,5.397999728269116
COc1cccc2c1CC(Cc1ccncc1)C2=O,2,4.8539360322083205,9.060567408383903e-05,4.853871964321762,4.854000100094879
COc1cccc2c1CC/C(=C\c1ccncc1)C2=O,3,5.20055327126948,0.0005083306540754767,5.200000237109354,5.201000126152667
COc1cccc2c1CCC(Cc1ccncc1)C2,2,6.229074391596957,0.00010408153740871029,6.229000794836059,6.229147988357855
COc1cccc2c1CCC(Cc1ccncc1)C2=O,2,5.657788647020114,0.000298862700716815,5.657577319177793,5.6579999748624346
COc1cccc2c1CCC1C(c3ccncc3)C21,2,5.4749778811735546,3.208597485298123e-05,5.474955192963154,5.475000569383954
COc1cnc(NS(=O)(=O)c2ccc(N/C=C\C(=O)c3cc4ccccc4oc3=O)cc2)nc1,2,5.21933002927055,0.003562008472864403,5.216811308924743,5.221848749616356
CS(=O)(=O)Nc1ccc([N+](=O)[O-])cc1OC1CCCC1,2,6.060480747381382,0.0,6.060480747381382,6.060480747381382
CS(=O)(=O)Nc1ccc([N+](=O)[O-])cc1OC1CCCCC1,2,6.167491087293763,0.0,6.167491087293763,6.167491087293763
CS(=O)(=O)Nc1ccc([N+](=O)[O-])cc1OCC1CCCCC1,2,5.91721462968355,0.0,5.91721462968355,5.91721462968355
C[C@@H](OC(=O)C12CC3CC(CC(C3)C1)C2)c1cccnc1,2,4.89034854843381,0.6316599714283657,4.443697499232712,5.336999597634908
C[C@@H](OC(=O)C12CC3CC(CC(C3)C1)C2)c1ccncc1,2,5.023939854079753,0.32252531414418883,4.795880017344075,5.25199969081543
C[C@@H]1C[C@@]2(C)C(=CC1=O)CC[C@@H]1[C@@H]2CC[C@]2(C)C(=O)CC[C@@H]12,4,6.3592880805300664,0.1818103816188295,6.161150909262744,6.602007879116804
C[C@H](OC(=O)C12CC3CC(CC(C3)C1)C2)c1cccnc1,2,4.890621105379468,0.6316175644497615,4.444000042440511,5.337242168318426
C[C@H](OC(=O)C12CC3CC(CC(C3)C1)C2)c1ccncc1,2,5.02390599038147,0.3223077315563226,4.796000007769141,5.251811972993799
C[C@H]1CCC[C@@]2(C)C1=CC[C@@H]1[C@@H]2CC[C@]2(C)C(=O)CC[C@@H]12,2,5.7448638579163855,0.00019284643185457368,5.7447274948966935,5.7450002209360775
C[C@H]1C[C@@H]2[C@H](CC[C@]3(C)C(=O)CC[C@@H]23)[C@@]2(C)CCC(=O)C=C12,2,6.838921375883461,0.5415410853369709,6.455994002150566,7.221848749616356
C[C@H]1C[C@@H]2[C@H](CC[C@]3(C)C(=O)CC[C@@H]23)[C@@]2(C)CCCC=C12,2,7.100792085899285,0.4684455249060495,6.769551078621726,7.432033093176845
C[C@H]1C[C@@]2(C)C(=CC1=O)CC[C@@H]1[C@@H]2CC[C@]2(C)C(=O)CC[C@@H]12,2,6.602033935222384,3.6848897893291555e-05,6.602007879116804,6.6020599913279625
C[C@H]1[C@H](C)CC[C@]2(C(=O)O)CC[C@]3(C)C(=CC[C@@H]4[C@@]5(C)CC[C@H](O)C(C)(C)[C@@H]5CC[C@]43C)[C@H]12,2,6.174360993000928,2.3751871937963336,4.494850021680094,7.853871964321762
C[C@]12C=C(CCCc3ccccc3)C(=O)C=C1CC[C@@H]1[C@@H]2CC[C@]2(C)C(=O)CC[C@@H]12,2,6.84643176350788,0.010522032897771065,6.838991562693998,6.853871964321762
C[C@]12C=CC(=O)C=C1C(CO)=C[C@@H]1[C@@H]2CC[C@]2(C)C(=O)CC[C@@H]12,2,6.091349560803339,0.11677958505399931,6.008773924307505,6.173925197299173
C[C@]12C=CC(=O)C=C1CC[C@@H]1[C@@H]2CC[C@]2(C)C(=O)CC[C@@H]12,3,6.293201092450361,0.22145699535015273,6.081000401671536,6.522878745280337
C[C@]12C=CC(=O)C=C1CC[C@@H]1[C@@H]2CC[C@]2(C)C(=O)[C@@H](n3ccnc3)C[C@@H]12,3,6.788853113385575,0.012265114115412144,6.774690718274137,6.795988604538516
C[C@]12C=CC(=O)C=C1CC[C@@H]1[C@@H]2CC[C@]2(C)C3=NN(c4ccccc4)[C@H](c4ccccc4)[C@H]3C[C@@H]12,2,5.721463980078155,0.02611293290920792,5.702999348141384,5.739928612014925
C[C@]12C=CC(=O)C=C1C[C@@H](CCCc1ccc([N+](=O)[O-])cc1)[C@@H]1[C@@H]2CC[C@]2(C)C(=O)CC[C@@H]12,2,7.5050463171699215,0.543096814768553,7.121018876606263,7.88907375773358
C[C@]12C=CC(=O)C=C1C[C@@H](CCCc1ccccc1)[C@@H]1[C@@H]2CC[C@]2(C)C(=O)CC[C@@H]12,2,7.655007066957707,0.6491383393567326,7.195996945270387,8.114017188645027
C[C@]12C=CC(=O)C=C1C[C@@H](CCc1ccccc1)[C@@H]1[C@@H]2CC[C@]2(C)C(=O)CC[C@@H]12,2,7.293514105071145,0.6837856147046412,6.810004660035681,7.777023550106609
C[C@]12C=CC(=O)C=C1C[C@@H](Cc1ccccc1)[C@@H]1[C@@H]2CC[C@]2(C)C(=O)CC[C@@H]12,2,7.175962011317893,0.765037231065558,6.634998997371256,7.716925025264528
C[C@]12C=CC(=O)C=C1[C@@]1(CO1)C[C@@H]1[C@@H]2CC[C@]2(C)C(=O)CC[C@@H]12,2,6.172142725190645,0.050155911744459374,6.136677139879544,6.2076083105017466
C[C@]12CC(C#N)=C(O)C(=O)[C@@H]1CC[C@@H]1[C@@H]2CC[C@]2(C)[C@@H](O)CC[C@@H]12,3,5.994323328245696,0.004916141948171792,5.991484992368545,6.0
C[C@]12CC=CC[C@@H]1CC[C@@H]1[C@@H]2CC[C@]2(C)C(=O)CC[C@@H]12,2,5.761101219335324,0.0001417295851559677,5.761001001384566,5.761201437286083
C[C@]12CCC(=O)C(O)=C1CC[C@@H]1[C@@H]2CC[C@]2(C)C(=O)CC[C@@H]12,16,6.627258149803066,0.8504376830575315,4.23210238398191,7.522878745280337
C[C@]12CCC(=O)C(SC(F)F)=C1CC[C@@H]1[C@@H]2CC[C@]2(C)C(=O)CC[C@@H]12,3,5.568757460104805,0.00020996658399649915,5.568636235841013,5.568999908632387
C[C@]12CCC(=O)C(SCC#N)=C1CC[C@@H]1[C@@H]2CC[C@]2(C)C(=O)CC[C@@H]12,2,5.430899271864529,0.0012713837462660707,5.430000267796054,5.431798275933005
C[C@]12CCC(=O)C(SCCl)=C1CC[C@@H]1[C@@H]2CC[C@]2(C)C(=O)CC[C@@H]12,2,6.026936838192607,9.148801005235401e-05,6.026872146400302,6.027001529984912
C[C@]12CCC(=O)C(SCF)=C1CC[C@@H]1[C@@H]2CC[C@]2(C)C(=O)CC[C@@H]12,2,6.096956161700231,6.526410635873484e-05,6.096910013008056,6.097002310392405
C[C@]12CCC(=O)C(Sc3ccccc3)=C1CC[C@@H]1[C@@H]2CC[C@]2(C)C(=O)CC[C@@H]12,2,6.733119688627708,0.01679136715477845,6.721246399047171,6.744992978208245
C[C@]12CCC(=O)C=C1C(=O)C[C@@H]1[C@@H]2CC[C@]2(C)C(=O)CC[C@@H]12,3,6.354997519646012,0.3429453357071096,5.958998355870358,6.552997101533838
C[C@]12CCC(=O)C=C1C=C(CCc1ccc(N)cc1)[C@@H]1[C@@H]2CC[C@]2(C)C(=O)CC[C@@H]12,2,6.479505394029646,0.8153022234197604,5.902999663133064,7.056011124926228
C[C@]12CCC(=O)C=C1C=C(CCc1ccc([N+](=O)[O-])cc1)[C@@H]1[C@@H]2CC[C@]2(C)C(=O)CC[C@@H]12,2,6.1845010249652095,1.1844055061538197,5.346999859889158,7.022002190041261
C[C@]12CCC(=O)C=C1C=C(CCc1ccccc1)[C@@H]1[C@@H]2CC[C@]2(C)C(=O)CC[C@@H]12,2,6.469501990136953,0.409414435485882,6.180002266489224,6.7590017137846825
C[C@]12CCC(=O)C=C1C=C(Cc1ccc(N)cc1)[C@@H]1[C@@H]2CC[C@]2(C)C(=O)CC[C@@H]12,2,6.683005039021582,0.5275102655340544,6.309998953116936,7.056011124926228
C[C@]12CCC(=O)C=C1C=C(Cc1ccc([N+](=O)[O-])cc1)[C@@H]1[C@@H]2CC[C@]2(C)C(=O)CC[C@@H]12,2,6.529504541978535,0.7035800594802455,6.031998310812419,7.027010773144651
C[C@]12CCC(=O)C=C1C=C(Cc1ccccc1)[C@@H]1[C@@H]2CC[C@]2(C)C(=O)CC[C@@H]12,2,6.718513534668684,0.7021750725452681,6.222000779291768,7.215026290045599
C[C@]12CCC(=O)C=C1CC[C@@H]1[C@@H]2CC[C@]2(C)C(=O)/C(=C/c3cccc(OCCCn4ccnc4)c3)C[C@@H]12,2,5.356547323513812,0.0,5.356547323513812,5.356547323513812
C[C@]12CCC(=O)C=C1CC[C@@H]1[C@@H]2CC[C@]2(C)C(=O)/C(=C/c3ccncc3)C[C@@H]12,2,5.2839966563652006,0.0,5.2839966563652006,5.2839966563652006
C[C@]12CCC(=O)C=C1CC[C@@H]1[C@@H]2CC[C@]2(C)C(=O)CC[C@@H]12,3,6.369301799103173,0.32133075591039534,6.0,6.585026652029182
C[C@]12CCC(=O)C=C1CC[C@@H]1[C@@H]2CC[C@]2(C)C(=O)[C@@H](n3ccnc3)C[C@@H]12,3,6.744815989333877,0.00015327686138968608,6.7447274948966935,6.744992978208245
C[C@]12CCC(=O)C=C1[C@@H](O)C[C@@H]1[C@@H]2CC[C@]2(C)C(=O)CC[C@@H]12,2,5.439758640106442,0.8708142873557606,4.823999952363053,6.055517327849832
C[C@]12CCC(=O)C=C1[C@@H](OC(=O)CBr)C[C@@H]1[C@@H]2CC[C@]2(C)C(=O)CC[C@@H]12,2,5.552921086707219,0.00011188981854395786,5.552841968657781,5.553000204756657
C[C@]12CCC(=O)C=C1[C@H](O)C[C@@H]1[C@@H]2CC[C@]2(C)C(=O)CC[C@@H]12,2,5.517360325243311,0.7896408343841093,4.958999936548504,6.075720713938118
C[C@]12CCC=C[C@@H]1CC[C@@H]1[C@@H]2CC[C@]2(C)C(=O)CC[C@@H]12,3,6.6478753994038335,0.0001003160789673848,6.647817481888637,6.647991234434225
C[C@]12CCCC(OC(=O)c3ccccc3)=C1CC[C@@H]1[C@@H]2CC[C@]2(C)C(=O)CC[C@@H]12,2,6.193911654337597,0.00012958201494143402,6.1938200260161125,6.194003282659082
C[C@]12CCCC=C1C(=O)C[C@@H]1[C@@H]2CC[C@]2(C)C(=O)CC[C@@H]12,2,6.27627058440876,0.7166095974030164,5.769551078621726,6.782990090195795
C[C@]12CCCC=C1CC[C@@H]1[C@@H]2CC[C@]2(C)C(=O)CC[C@@H]12,8,7.241450424637058,1.2588422923978926,6.275724130399211,10.221848749616356
C[C@]12CCCC=C1[C@@H](O)C[C@@H]1[C@@H]2CC[C@]2(C)C(=O)CC[C@@H]12,3,6.721162612083147,0.0001451232787020297,6.720995038155098,6.721246399047171
C[C@]12CCCC=C1[C@H](O)C[C@@H]1[C@@H]2CC[C@]2(C)C(=O)CC[C@@H]12,3,7.301029995663981,0.0,7.301029995663981,7.301029995663981
C[C@]12CCCCC1=CC[C@@H]1[C@@H]2CC[C@]2(C)C(=O)CC[C@@H]12,3,6.175970573265775,0.007769098642065428,6.16699959088106,6.180456064458132
C[C@]12CCC[C@@H](O)C1=CC[C@@H]1[C@@H]2CC[C@]2(C)C(=O)CC[C@@H]12,2,6.065751664569964,0.0003537171756602488,6.0655015487564325,6.066001780383496
C[C@]12CCC[C@H](O)C1=CC[C@@H]1[C@@H]2CC[C@]2(C)C(=O)CC[C@@H]12,2,6.552919535095809,0.00010969550864531361,6.552841968657781,6.552997101533838
C[C@]12CC[C@@H](O)C(=O)[C@@H]1CC[C@@H]1[C@@H]2CC[C@]2(C)C(=O)CC[C@@H]12,2,6.173925197299173,0.0,6.173925197299173,6.173925197299173
C[C@]12CC[C@@H]3c4cc(NC(=O)c5ccncc5)c(O)cc4CC[C@H]3[C@@H]1CCC2=O,2,4.507319124126132,0.001865605131634598,4.505999942086537,4.508638306165727
C[C@]12CC[C@@H]3c4ccc(O)c(NC(=O)c5ccncc5)c4CC[C@H]3[C@@H]1CCC2=O,2,4.548420949630126,0.006252265068419864,4.54399993060247,4.552841968657781
C[C@]12CC[C@H](O)C=C1CC[C@@H]1[C@@H]2CC[C@]2(C)C(=O)CC[C@@H]12,3,6.776473641979835,0.06702929291046404,6.73754891026957,6.853871964321762
C[C@]12CC[C@H](O)CC1=CC[C@@H]1[C@@H]2CC[C@]2(C)C(c3cccnc3)=CC[C@@H]12,3,4.76700999855466,0.5034601082607785,4.301029995663981,5.301029995663981
C[C@]12CC[C@H]3O[C@H]3[C@@H]1CC[C@@H]1[C@@H]2CC[C@]2(C)C(=O)CC[C@@H]12,5,6.8199230101771535,0.04203585928427928,6.7447274948966935,6.838991562693998
C[C@]12CC[C@H]3O[C@H]3[C@@H]1CC[C@@H]1[C@@H]2CC[C@]2(C)[C@@H](O)CC[C@@H]12,2,5.187086643357144,0.0,5.187086643357144,5.187086643357144
C[C@]12CC[C@H]3[C@@H](CC=C4CCCC[C@@]43CO)[C@@H]1CCC2=O,4,5.161113151091445,7.551634259783668e-05,5.160999876577549,5.161150909262744
C[C@]12CC[C@H]3[C@@H](CC=C4[C@@H](O)CCC[C@@]43CO)[C@@H]1CCC2=O,3,7.508778468991555,0.00024276913566786558,7.508638306165727,7.509058794643213
C[C@]12CC[C@H]3[C@@H](CC=C4[C@H](O)CCC[C@@]43CO)[C@@H]1CCC2=O,3,5.16732746780501,0.0002833972676285526,5.167000228827504,5.167491087293763
C[C@]12CC[C@H]3[C@@H](CCC4=C(O)C(=O)CC[C@@]43C)[C@@H]1CC[C@@H]2O,2,4.327951075008779,6.920163375361852e-05,4.327902142064283,4.328000007953276
C[C@]12CC[C@H]3[C@@H](CCC4=C(Sc5ccccc5)C(=O)CC[C@@]43C)[C@@H]1C[C@H](C#N)[C@@H]2O,3,6.770745720801284,0.001034590475930699,6.769551078621726,6.771343041891065
C[C@]12CC[C@H]3[C@@H](CCC4=CCCC[C@@]43C(F)F)[C@@H]1CC[C@@H]2O,2,4.585013289533196,1.8897423049838344e-05,4.58499992703721,4.585026652029182
C[C@]12CC[C@H]3[C@@H](CCC4=CCCC[C@@]43CO)[C@@H]1CCC2=O,4,6.939312605961609,0.4278065464352581,6.568636235841013,7.309803919971486
C[C@]12CC[C@H]3[C@@H](CC[C@@]4(O)[C@@H](O)C(=O)CC[C@]34C)[C@@H]1CCC2=O,2,4.53605351431513,7.565575721682138e-05,4.536000017616166,4.536107011014093
C[C@]12CC[C@H]3[C@@H](CC[C@@]45O[C@@H]4CCC[C@]35C)[C@@H]1CCC2=O,4,5.754407019828622,0.4579554374961832,5.070581074285707,6.013228265733755
C[C@]12CC[C@H]3[C@@H](C[C@@H](O)C4=CCCC[C@@]43CO)[C@@H]1CCC2=O,3,6.026915274261839,7.469964740350029e-05,6.026872146400302,6.027001529984912
C[C@]12CC[C@H]3[C@@H](C[C@H](O)C4=CCCC[C@@]43CO)[C@@H]1CCC2=O,3,5.902623711170663,0.08433036383711676,5.853871964321762,6.0
C[C@]12C[C@@H](F)C(=O)C=C1CC[C@@H]1[C@@H]2CC[C@]2(C)C(=O)CC[C@@H]12,2,6.006614132866877,0.009353796403675656,6.0,6.013228265733755
C[C@]12C[C@H]3O[C@H]3C[C@@H]1CC[C@@H]1[C@@H]2CC[C@]2(C)C(=O)CC[C@@H]12,2,5.93915115321405,0.0002135553446189278,5.939000146781711,5.939302159646388
C[C@]12Cc3cn[nH]c3C(=O)[C@@H]1CC[C@@H]1[C@@H]2CC[C@]2(C)[C@@H](O)CC[C@@H]12,2,6.291579931463117,0.0012019294137172857,6.29073003902417,6.292429823902063
Cc1c(Cn2ccnc2)ccc2c(F)cc(F)cc12,2,8.398485722533572,2.3383918643103834,6.744992978208245,10.051978466858897
Cc1ccc(C2CCCc3cncn32)cc1,2,7.660993704327186,0.13152241510218118,7.567993312730402,7.753994095923971
Cc1ccc(COc2cc([N+](=O)[O-])ccc2N(C)S(C)(=O)=O)cc1,2,5.632644078973981,0.0,5.632644078973981,5.632644078973981
Cc1ccc(S(=O)(=O)n2cc(C(c3ccccc3)n3ccnc3)c3ccccc32)cc1,2,5.267802968154955,0.00027821537447808006,5.267606240177032,5.267999696132879
Cc1ccc2c(c1)/C(=C/c1cccnc1)CC2,3,4.4057382998970445,1.7318241682487727,2.406000000441987,5.405607449624573
Cc1ccc2c(c1)/C(=C/c1ccncc1)CC2,3,4.8928600207051876,1.7319295807213444,2.8930000014112998,5.892790030352131
Cc1ccc2c(c1)/C(=C\c1cccnc1)CC2,3,4.33716144541394,1.7321906237407796,2.336999999604971,5.337242168318426
Cc1ccc2c(c1)/C(=C\c1ccncc1)CC2,3,4.767002592656255,1.7320530539549268,2.7669999987530747,5.767003889607846
Cc1cccc(COc2ccc3c(Cn4ccnc4)cc(=O)oc3c2)c1,2,6.943095148663527,0.0,6.943095148663527,6.943095148663527
Cc1cccc2c1CC/C2=C/c1cccnc1,3,3.898731099582818,1.731817933098518,1.8989999998591172,4.898596649444669
Cc1cccc2c1CC/C2=C\c1cccnc1,3,4.326038667658109,1.7320842945330923,2.326000000242501,5.3260580013659125
Cc1ncc2c(n1)-c1ccccc1C2n1ccnc1,3,5.548385347789846,0.002797442012879599,5.54515513999149,5.550000451689026
Cl.N#Cc1ccc(C2CCCc3cncn32)cc1,3,8.746525838858929,1.5745198590880574,7.522878745280337,10.522878745280336
Clc1ccc(C(c2ccc3[nH]ccc3c2)n2ccnc2)cc1,3,7.735951181989244,0.3561782740664669,7.346787486224656,8.045757490560675
Clc1ccc(Cn2ccnc2)cc1,2,7.154901959985743,0.0,7.154901959985743,7.154901959985743
Clc1ccc2c(c1)CC/C2=C/c1cccnc1,3,4.39269665108196,1.731788099980914,2.392999999675218,5.392544976785332
Clc1ccc2c(c1)CC/C2=C/c1ccncc1,3,4.7010979489865425,1.7321356340708551,2.70099999977904,5.701146923590294
Clc1ccc2c(c1)CC/C2=C\c1cccnc1,3,4.3707269339770125,1.731814325337868,2.371000000136476,5.370590400897281
Clc1ccc2c(c1)CC/C2=C\c1ccncc1,3,4.2651334470719915,1.732166375782355,2.265000000393669,5.265200170411153
Clc1cccc(C(c2ccc3[nH]cnc3c2)n2ccnc2)c1,2,7.825507021596071,0.6724910391468284,7.349984047528161,8.301029995663981
Clc1cccc2c1CC/C2=C/c1cccnc1,3,5.638181443749964,1.7322079396207424,3.638000003285079,6.638272163982407
Clc1cccc2c1CC/C2=C\c1cccnc1,3,5.886037762682935,1.732083517366093,3.88599999266248,6.886056647693163
Clc1ccccc1Cn1cc(Cn2ccnc2)c2ccccc21,2,7.267807395579052,0.0002844766976800922,7.267606240177032,7.268008550981071
Cn1cc(C(c2ccc(F)cc2)n2ccnc2)c2cc(Br)ccc21,2,7.105075026163389,7.823018082885303e-05,7.105019709072032,7.105130343254747
Cn1cc(CCN(c2ccc(C#N)cc2)n2cnnc2)c2cc(OS(N)(=O)=O)ccc21,2,8.638177772656881,0.00013348949272864603,8.638083381331356,8.638272163982407
Cn1nnc2ccc(C(c3ccc(Cl)cc3)n3cncn3)cc21,2,8.720286100120255,0.18891894089510153,8.586700235918748,8.853871964321762
Cn1nnc2ccc(C(c3ccc(OS(N)(=O)=O)cc3)n3cncn3)cc21,3,6.679551181373718,1.486576914718769,4.963000037223874,7.538051504796238
Cn1nnc2ccc([C@@H](c3ccc(Cl)cc3)n3cncn3)cc21,2,8.630064368007332,0.32534908688810593,8.400007822415901,8.860120913598763
Cn1nnc2ccc([C@H](c3ccc(Cl)cc3)n3cncn3)cc21,4,8.150539621125539,0.8168638065176727,7.354577730650908,8.860120913598763
FC(F)(F)c1ccc(C(CCCc2c[nH]cn2)c2ccc(C(F)(F)F)cc2)cc1,2,2.0620000005709462,2.6290230132567345,0.2030000000016186,3.921000001140274
Fc1ccc(C(CCCCc2ccccc2)c2c[nH]cn2)cc1,2,1.8394999983063163,2.600031632026133,0.0010000000011114,3.677999996611521
Fc1ccc(C(CCn2cncn2)c2ccc(F)cc2)cc1,2,2.229000021220535,3.132483070665982,0.0140000000005602,4.444000042440511
Fc1ccc(C(c2cc3ccccc3o2)n2cncn2)cc1,2,6.721120718601135,0.00017773899131031415,6.720995038155098,6.721246399047171
Fc1ccc2c(c1)CC/C2=C/c1cccc2cnccc12,3,4.712132179866969,1.7321652791580184,2.7119999994613577,5.7121982700697735
Fc1ccc2c(c1)CC/C2=C/c1cccnc1,3,4.603867101836271,1.7319357146425323,2.6039999997002847,5.603800652904264
Fc1ccc2c(c1)CC/C2=C/c1ccncc1,3,5.0969400077683416,1.7319988551201018,3.096999997288913,6.096910013008056
Fc1ccc2c(c1)CC/C2=C\c1cccc2cnccc12,3,5.142778335310799,1.7318588413605236,3.142999998794936,6.142667503568731
Fc1ccc2c(c1)CC/C2=C\c1cccnc1,3,4.595110855333142,1.7321468117623067,2.594999999239302,5.5951662833800615
Fc1ccc2c(c1)CC/C2=C\c1ccncc1,3,4.809778867784824,1.7318593017170298,2.809999999695055,5.809668301829708
Fc1ccc2c(c1)CC/C2=C\c1cncnc1,3,4.12789581814953,1.7319605834872358,2.127999999945177,5.127843727251707
Fc1ccc2ccc(Cn3ccnc3)cc2c1,2,6.795934310941295,7.678274153930114e-05,6.795880017344075,6.795988604538516
Fc1cccc2c1CC/C2=C/c1cccnc1,3,5.7448183311486245,1.7318934745653642,3.745000003652485,6.7447274948966935
Fc1cccc2c1CC/C2=C\c1cccnc1,3,4.742214283629907,1.7322363820920523,2.742000000628087,5.742321425130816
Fc1ccccc1-c1nsc(-c2ccccc2F)n1,2,4.301029995663981,0.0,4.301029995663981,4.301029995663981
N#CC1(c2cc(Cn3cncn3)cc(Sc3ccc(OS(N)(=O)=O)cc3)c2)CC1,2,8.468776700692914,0.00036149806786085287,8.468521082957745,8.469032318428084
N#CC1(c2cc(Cn3cncn3)cc(Sc3ccc(OS(N)(=O)=O)cc3)c2)CCC1,2,7.684029654543083,0.0,7.684029654543083,7.684029654543083
N#CCCCC1CCCc2cncn21,2,7.031984286006358,0.0,7.031984286006358,7.031984286006358
N#Cc1ccc(-c2oc3ccccc3c(=O)c2Cn2ccnc2)cc1,3,7.160773753615715,0.0006532527430156845,7.160019442321658,7.161150909262744
N#Cc1ccc(/C(=C\CCc2ccc(F)cc2)n2ccnc2)cc1,2,3.994496769287012,4.564369703644529,0.7669999999975333,7.221993538576491
N#Cc1ccc(/C(=N\c2ccc(Br)cc2)n2ccnc2)cc1,3,7.882504783647707,0.4005514622755817,7.419987887470576,8.114017188645027
N#Cc1ccc(C(CCc2ccc(OS(N)(=O)=O)c(Br)c2)n2cncn2)cc1,2,9.960590408450575,0.055733578856779736,9.92118081690115,10.0
N#Cc1ccc(C(Cc2ccc(OS(N)(=O)=O)c(Br)c2)n2cncn2)cc1,2,9.052869667776505,0.010058137476628044,9.045757490560677,9.059981844992336
N#Cc1ccc(C(c2cc3ccc(O)cc3o2)n2cncn2)cc1,3,8.216583993888612,0.896533728613518,7.698970004336019,9.2518119729938
N#Cc1ccc(C(c2ccc(C#N)cc2)n2ccnc2)cc1,5,8.314547075826823,0.3242519548286929,7.739928612014925,8.522878745280337
N#Cc1ccc(C(c2ccc(C#N)cc2)n2ccnn2)cc1,2,7.668470077726875,0.6059055671368981,7.2400301424456925,8.096910013008056
N#Cc1ccc(C(c2ccc(C#N)cc2)n2cncn2)cc1,44,8.186856794775125,0.9567188228104363,4.530177984021837,9.154901959985745
N#Cc1ccc(C(c2ccc(OS(N)(=O)=O)c(Br)c2)n2cncn2)cc1,3,8.522878745280337,0.0,8.522878745280337,8.522878745280337
N#Cc1ccc(C(c2ccc3[nH]ccc3c2)n2ccnc2)cc1,2,7.714442690992226,0.0,7.714442690992226,7.714442690992226
N#Cc1ccc(C2(c3ccc(C#N)cc3)CCCc3cncn32)cc1,3,6.441881412741125,0.33071750184825055,6.060001790087838,6.632998369161559
N#Cc1ccc(C2CC(=O)c3ccc4ccccc4c3O2)cc1,2,5.8124792791635365,0.0,5.8124792791635365,5.8124792791635365
N#Cc1ccc(C2CC(n3ccnc3)c3ccc4ccccc4c3O2)cc1,3,6.949628407746236,0.6135389020692075,6.272458742971444,7.468521082957745
N#Cc1ccc(C2CCCCc3cncn32)cc1,2,7.850934947117632,0.00021787342040918023,7.85078088734462,7.851089006890644
N#Cc1ccc(C2CCCc3cncn32)cc1,31,7.642913417219855,0.8386414013493072,6.16699959088106,11.397940008672036
N#Cc1ccc(C2CCc3cncn32)cc1,2,4.464485002166382,5.988466119733764,0.2299999999967466,8.698970004336019
N#Cc1ccc(CC(c2cccc3[nH]ccc23)n2ccnn2)cc1,2,8.93950115488025,4.454067211071209,5.790000026071145,12.089002283689355
N#Cc1ccc(Cn2cc(Cn3ccnc3)c3ccccc32)cc1,2,7.301029995663981,0.0,7.301029995663981,7.301029995663981
N#Cc1ccc(Cn2cc(Cn3ccnn3)c3ccccc32)cc1,2,3.619498274035732,4.570028685926564,0.3880000000000115,6.8509965480714525
N#Cc1ccc(Cn2ccnc2)c2c(=O)c3ccccc3oc12,5,5.638563277984499,0.0008114846976200612,5.638000342954921,5.639999555020352
N#Cc1ccc(Cn2ccnc2)c2oc3ccccc3c(=O)c12,6,7.367190359733498,0.001381091323825455,7.366531544420414,7.36997914888659
N#Cc1ccc(Cn2ccnc2)c2occc(=O)c12,4,6.619897359061326,0.00012540137097314486,6.619788758288394,6.620005959834258
N#Cc1ccc(Cn2ccnc2)cc1,4,6.9649071851022795,1.1907885028948257,5.920818753952375,8.154901959985743
N#Cc1ccc(Cn2cncn2)cc1-c1ccc(O)c(Cl)c1,2,9.82390874094432,0.0,9.82390874094432,9.82390874094432
N#Cc1ccc(Cn2cncn2)cc1-c1ccc(OS(N)(=O)=O)c(Cl)c1,3,9.50762624842678,0.3578352064385103,9.30102999566398,9.920818753952377
N#Cc1ccc(Cn2cncn2)cc1-c1ccc(OS(N)(=O)=O)cc1,2,8.698970004336019,0.0,8.698970004336019,8.698970004336019
N#Cc1ccc(N(CC2CCc3cc(OS(N)(=O)=O)ccc3C2)n2cnnc2)cc1,2,8.2839966563652,0.0,8.2839966563652,8.2839966563652
N#Cc1ccc(N(CCCCCCCCCCSc2ccc(OS(N)(=O)=O)cc2)n2cnnc2)cc1,2,4.141516151620451,5.824461398473707,0.0230000000004108,8.260032303240491
N#Cc1ccc(N(CCCCCSc2ccc(OS(N)(=O)=O)cc2)n2cnnc2)cc1,2,9.136825921825036,0.00021040944515379533,9.136677139879543,9.13697470377053
N#Cc1ccc(N(CCCS(=O)(=O)c2ccc(O)cc2)n2cnnc2)cc1,2,7.823908740944319,0.0,7.823908740944319,7.823908740944319
N#Cc1ccc(N(CCCSc2ccc(OS(N)(=O)=O)cc2)n2cnnc2)cc1,2,9.292217038739567,0.0003009236626739339,9.29200425357707,9.292429823902063
N#Cc1ccc(N(CCCc2ccc(OS(N)(=O)=O)cc2)n2cnnc2)cc1,2,7.913000792716797,1.6093746850322241,6.775001039460547,9.051000545973046
N#Cc1ccc(N(CCOc2ccc(O)cc2)n2cnnc2)cc1,2,5.343013326146242,3.170685652484864,3.101000000263301,7.585026652029182
N#Cc1ccc(N(CCOc2ccc(OS(N)(=O)=O)cc2)n2cnnc2)cc1,2,3.06300042145805,4.316180388396023,0.0109999999988359,6.115000842917264
N#Cc1ccc(N(CCSc2ccc(O)c(Cl)c2)n2cnnc2)cc1,3,9.585026652029182,0.0,9.585026652029182,9.585026652029182
N#Cc1ccc(N(CCSc2ccc(O)cc2)n2cnnc2)cc1,2,9.552919535095809,0.00010969550864437155,9.55284196865778,9.552997101533837
N#Cc1ccc(N(CCSc2ccc(OS(N)(=O)=O)c(Cl)c2)n2cnnc2)cc1,2,9.346884017562523,0.00013651592720383628,9.346787486224656,9.346980548900389
N#Cc1ccc(N(CCSc2ccc(OS(N)(=O)=O)cc2)n2cnnc2)cc1,2,9.37685413767786,0.00014626938747107964,9.3767507096021,9.37695756575362
N#Cc1ccc(N(CCn2ccc3cc(OS(N)(=O)=O)ccc32)n2cnnc2)cc1,2,8.568797145252564,0.00022756027212968654,8.568636235841012,8.568958054664115
N#Cc1ccc(N(Cc2ccc(Br)cc2)n2cnnc2)cc1,6,9.420479790880055,0.24816129192882602,9.30102999566398,9.920818753952377
N#Cc1ccc(N(Cc2ccc(OS(N)(=O)=O)c(Br)c2)n2cnnc2)cc1,4,9.086186147616283,0.0,9.086186147616283,9.086186147616283
N#Cc1ccc(N(Cc2ccc(OS(N)(=O)=O)c(Cl)c2)n2cnnc2)cc1,2,8.638272163982407,0.0,8.638272163982407,8.638272163982407
N#Cc1ccc(N(Cc2ccc(OS(N)(=O)=O)cc2)n2cnnc2)cc1,3,7.0,0.0,7.0,7.0
N#Cc1ccc(N(Cc2ccc(OS(N)(=O)=O)cc2F)n2ccnc2)cc1,3,9.69897000433602,0.0,9.69897000433602,9.69897000433602
N#Cc1ccc(N(Cc2ccc(OS(N)(=O)=O)cc2F)n2cnnc2)cc1,2,8.554008384574018,1.619220251064092,7.409046764812015,9.69897000433602
N#Cc1ccc(N(Cc2ccc3c(Br)c(OS(N)(=O)=O)ccc3c2)n2cnnc2)cc1,4,9.602059991327964,0.0,9.602059991327964,9.602059991327964
N#Cc1ccc(N(Cc2ccc3c(Cl)c(O)ccc3c2)n2cnnc2)cc1,2,4.2724939437359994,5.865442185089713,0.1250000000014222,8.419987887470576
N#Cc1ccc(N(Cc2ccc3c(Cl)c(OS(N)(=O)=O)ccc3c2)n2cnnc2)cc1,5,6.924515124795154,3.3433262179264496,1.00399999999683,8.6779875614176
N#Cc1ccc(N(Cc2ccc3cc(O)ccc3c2)n2cnnc2)cc1,2,4.3294359821620105,4.98430516568606,0.8050000000022589,7.853871964321762
N#Cc1ccc(N(Cc2ccc3cc(OS(N)(=O)=O)ccc3c2)n2cnnc2)cc1,3,6.407232365263453,1.9080552146876104,4.203999994981419,7.509058794643213
N#Cc1ccc([C@@H](c2ccc(OS(N)(=O)=O)c(Br)c2)n2cncn2)cc1,2,7.844663962534938,0.0,7.844663962534938,7.844663962534938
N#Cc1ccc([C@@H](c2coc3ccccc3c2=O)n2ccnc2)cc1,3,6.200439024424956,0.00038178924168792217,6.199998172182031,6.200659450546418
N#Cc1ccc([C@@H]2CCCc3cncn32)cc1,3,8.011487804797962,0.41860403709512056,7.769551078621726,8.494850021680094
N#Cc1ccc([C@H](c2ccc(OS(N)(=O)=O)c(Br)c2)n2cncn2)cc1,2,8.494850021680094,0.0,8.494850021680094,8.494850021680094
N#Cc1ccc([C@H](c2coc3ccccc3c2=O)n2ccnc2)cc1,3,6.959068664556669,0.00079908114625481,6.958607314841775,6.959991363986458
N#Cc1ccc([C@H]2CCCc3cncn32)cc1,4,5.782334606694251,0.44108195246857507,5.221848749616356,6.167491087293763
N#Cc1ccc([C@H]2CCc3cncn32)c(F)c1,3,5.696458619914136,0.43224223690929076,5.221848749616356,6.067526235322847
N#Cc1ccc2c(c1)CCC=C2n1ccnc1,3,8.295200696379359,0.42024071818438596,7.809948582240794,8.538051504796238
N#Cc1ccc2cc(-c3cccnc3)ccc2c1,2,4.443697499232712,0.0,4.443697499232712,4.443697499232712
N#Cc1cccc(CN(c2ccc([N+](=O)[O-])c(-c3ccccc3)c2)n2cnnc2)c1,2,7.13584508053111,0.00025192173126108473,7.135666944966607,7.136023216095613
N#Cc1cccc(CN(c2ccc([N+](=O)[O-])c(Br)c2)n2cnnc2)c1,2,7.239879240951815,0.00021340693922412198,7.239728339457937,7.2400301424456925
N#Cc1ccccc1CN(c1ccc([N+](=O)[O-])c(Br)c1)n1cnnc1,2,7.230142865745552,0.00015650687836525265,7.230032198670558,7.230253532820546
NS(=O)(=O)Oc1ccc(C(c2ccc(OS(N)(=O)=O)cc2)n2cncn2)cc1,3,5.518663149694422,0.003650812869484031,5.516555351901465,5.522878745280337
NS(=O)(=O)Oc1ccc2c3c(c(=O)oc2c1)CCCCC3,2,6.522878745280337,0.0,6.522878745280337,6.522878745280337
Nc1ccc(-c2ccc(Cc3ccncc3)cc2)cc1N,2,4.605915814429416,0.005452957324187177,4.6020599913279625,4.60977163753087
Nc1ccc(/C=C/c2cc(N)cc(N)c2)cc1,2,5.06953524897963,0.0007568742798420895,5.069000058043848,5.070070439915412
Nc1ccc(/C=C/c2cc(O)cc(O)c2)cc1,2,5.3285149305550785,0.03886956768393124,5.301029995663981,5.355999865446176
Nc1ccc(/C=C/c2ccc3c(c2)OCO3)cc1,2,5.07104627635144,6.510106511689981e-05,5.071000242946834,5.071092309756048
Nc1ccc(/C=C/c2ccccc2)cc1,2,4.657788647020114,0.000298862700716815,4.657577319177793,4.6579999748624346
Nc1ccc(C(=O)Cn2ccnc2)cc1,3,3.866060883065398,3.2372556869044224,0.1279999999976609,5.735182176990463
Nc1ccc(C(CCCc2c[nH]cn2)c2ccc(N)cc2)cc1,2,2.3139999635181736,3.211678948557426,0.0429999999991369,4.58499992703721
Nc1ccc(C(O)Cn2ccnc2)cc1,2,2.8210001058025154,3.469066018132224,0.3679999999974052,5.274000211607626
Nc1ccc(C2(C3CCCCC3)CCC(=O)NC2=O)cc1,3,6.228009884847694,0.7859739869616801,5.337242168318426,6.823908740944319
Nc1ccc(C23CC(C2)C(=O)N(C2CCCCC2)C3=O)cc1,3,7.642338418457356,0.42213235576713565,7.154901959985743,7.886056647693163
Nc1ccc(C23CC(C2)C(=O)NC3=O)cc1,2,5.698985205174921,2.14972325350444e-05,5.698970004336019,5.699000406013823
Nc1ccc(C23CC2C(=O)N(CC2CCCCC2)C3=O)cc1,5,7.158387010370521,0.9182649319494537,6.107905397309519,8.301029995663981
Nc1ccc(C23CC2C(=O)N(Cc2ccccc2)C3=O)cc1,3,5.336290653946977,0.31408953469003503,5.154901959985743,5.698970004336019
Nc1ccc(C23CC2C(=O)NC3=O)cc1,4,5.204309176568179,0.3719493961684821,4.958607314841775,5.7447274948966935
Nc1ccc(C2CC(=O)NC2=O)cc1,2,4.84518491628705,0.20677911150233688,4.698970004336019,4.991399828238082
Nc1cccc(-c2ccc(Cc3ccncc3)cc2)c1,2,5.548213564475709,0.0,5.548213564475709,5.548213564475709
Nc1cccc(/C=C/c2ccccc2)c1,2,4.489499745892124,1.252285745606954,3.6040000031901953,5.374999488594053
O=C(CCc1ccc(O)cc1)c1ccccc1O,2,2.242499986080422,3.137432768442186,0.0239999999980691,4.460999972162774
O=C(Cc1cccnc1)OC12CC3CC(CC(C3)C1)C2,2,5.05080502545903,0.0002758170464946705,5.050609993355087,5.051000057562973
O=C(Cc1ccncc1)OC12CC3CC(CC(C3)C1)C2,2,7.0508052696640675,0.0002761624045697963,7.050609993355087,7.051000545973047
O=C(Cc1ccncc1)OC1=CC2CCC1C2,2,6.264500915169563,0.28852808828368065,6.060480747381382,6.468521082957745
O=C(Cc1ccncc1)OC1CCCC1,2,5.638136253468664,0.00019220649180422337,5.638000342954921,5.638272163982407
O=C(Cc1ccncc1)OC1CCCCC1,2,6.522936658933421,8.190227363866456e-05,6.522878745280337,6.522994572586506
O=C(Cc1ccncc1)Oc1ccccc1,2,4.856992542258764,1.038388126811549e-05,4.856985199745905,4.856999884771624
O=C(Cn1ccnc1)c1ccc([N+](=O)[O-])cc1,2,6.710119059325086,0.015736434748106754,6.698991719603,6.721246399047171
O=C(NCc1cccnc1)C12CC3CC(CC(C3)C1)C2,2,5.494924678876612,0.00010558121984482596,5.494850021680094,5.49499933607313
O=C(NCc1ccncc1)C12CC3CC(CC(C3)C1)C2,2,5.823955070631063,6.552007133591227e-05,5.823908740944319,5.824001400317809
O=C(OCc1cccnc1)C12CC3CC(CC(C3)C1)C2,2,5.096955075735973,6.372832097797014e-05,5.096910013008056,5.0970001384638906
O=C(OCc1ccncc1)C12CC3CC(CC(C3)C1)C2,2,6.236785514690798,0.00030194626811111305,6.236572006437063,6.236999022944533
O=C(c1ccccc1)c1ccc(Cn2ccnc2)cc1,3,6.8388458047896465,0.4167155459600537,6.597910649427903,7.320027305722581
O=C1/C(=C/c2c[nH]cn2)CCc2ccccc21,2,6.585009949037677,2.3621597117979925e-05,6.584993246046173,6.585026652029182
O=C1/C(=C/c2cc[nH]n2)CCc2ccccc21,2,4.744863737203282,0.00019267571774737147,4.7447274948966935,4.744999979509871
O=C1/C(=C/c2cccnc2)CCc2ccccc21,2,5.0361059852976835,0.00015017160008386316,5.035999797940923,5.036212172654444
O=C1/C(=C/c2ccncc2)C(c2ccccc2)Oc2ccccc21,2,6.096910013008056,0.0,6.096910013008056,6.096910013008056
O=C1/C(=C/c2ccncc2)CCc2c(O)cccc21,3,6.160717131777234,0.0006251046772848395,6.160000609491408,6.161150909262744
O=C1/C(=C/c2ccncc2)CCc2c1ccc1c2CCCC1,2,5.0,0.0,5.0,5.0
O=C1/C(=C/c2ccncc2)CCc2cc(O)ccc21,3,5.063833700793123,0.003329590855990176,5.059999795537068,5.06599975808587
O=C1/C(=C/c2ccncc2)CCc2ccc(O)cc21,2,5.522939555021566,8.599796076843395e-05,5.522878745280337,5.523000364762793
O=C1/C(=C/c2ccncc2)CCc2ccccc21,4,5.079939867375276,0.1791694413088508,4.9210001097592295,5.337242168318426
O=C1/C(=C/c2ccncc2)Cc2cc(O)ccc21,2,4.690623162198536,0.0433077968751025,4.659999925349902,4.721246399047171
O=C1/C(=C/c2ccncc2)Cc2ccccc21,2,4.601030032967071,0.001456581082653865,4.600000074606178,4.6020599913279625
O=C1/C(=C/c2cnccn2)CCc2ccccc21,2,4.4201081995900635,0.00015302327173952697,4.419999995796937,4.42021640338319
O=C1/C(=C/c2cncs2)CCc2ccccc21,2,5.9588028353560665,0.00027650776303367693,5.958607314841775,5.958998355870358
O=C1/C(=C\c2cccnc2)C(c2ccc(Cl)cc2)Cn2cccc21,2,6.958607314841775,0.0,6.958607314841775,6.958607314841775
O=C1/C(=C\c2cccnc2)C(c2ccc(OC(F)(F)F)cc2)n2cccc21,2,6.596910013008056,1.1328274837356636,5.795880017344075,7.397940008672037
O=C1/C(=C\c2ccncc2)C(c2ccc(Cl)cc2)Cn2cccc21,3,6.740616249872119,0.0721334132130137,6.698970004336019,6.823908740944319
O=C1/C(=C\c2ccncc2)Cc2ccccc21,3,5.040545757880547,0.3797917559097752,4.602000062824431,5.259999900311453
O=C1CC(c2ccc(O)cc2)Oc2c1ccc1ccccc21,2,6.200659450546418,0.0,6.200659450546418,6.200659450546418
O=C1CC(c2ccccc2)Oc2c1ccc1ccccc21,2,5.366531544420414,0.0,5.366531544420414,5.366531544420414
O=C1CC(c2ccccc2)Oc2cc(O)ccc21,3,5.48681111174596,0.11534541839954894,5.42021640338319,5.620000528471499
O=C1CC(c2ccccc2)Oc2ccccc21,5,4.830363443582873,0.274469681038471,4.54515513999149,5.096910013008056
O=C1CCc2cc(-c3cccnc3)c(OCc3ccccc3)cc2N1,2,7.455931955649724,0.0,7.455931955649724,7.455931955649724
O=C1CCc2cc(C(C3CC3)n3ccnc3)cc3c2N1CC3,2,6.642065152999546,0.0,6.642065152999546,6.642065152999546
O=C1C[C@@H](c2ccc(O)cc2)Oc2cc(O)cc(O)c21,10,6.183752296459891,1.0338711003898546,4.769551078621726,8.537602002101044
O=C1C[C@@H](c2ccc(O)cc2)Oc2cc(O)ccc21,2,6.073150894111913,0.5591378832237875,5.6777807052660805,6.468521082957745
O=C1c2cc(O)ccc2CCC1Cc1ccncc1,2,5.309901879901357,0.0001385362613916569,5.309803919971486,5.309999839831227
O=C1c2ccc(O)cc2CC1Cc1ccncc1,2,5.031758616133423,0.0003416240570513593,5.031517051446065,5.032000180820781
O=C1c2ccc(O)cc2CCC1Cc1ccncc1,2,5.207804181569303,0.00027700352021706116,5.207608310501746,5.208000052636861
O=C1c2cccc(O)c2CC1Cc1ccncc1,2,5.376875346519372,0.00017626321878007299,5.376750709602099,5.3769999834366455
O=C1c2cccc(O)c2CCC1Cc1ccncc1,5,6.708852702432568,0.03515087589810117,6.6777807052660805,6.769551078621726
O=C1c2ccccc2-c2nnc(Cn3ccnc3)cc21,4,4.572436783413744,0.0028208798918324114,4.569999968362492,4.575118363368933
O=C1c2ccccc2CC1Cc1ccncc1,2,4.7697754948726185,0.0003173725056302439,4.769551078621726,4.769999911123512
O=C1c2ccccc2CCC1C(O)c1ccncn1,2,4.568818152728994,0.0002572693302066108,4.568636235841013,4.569000069616974
O=C1c2ccccc2CCC1Cc1ccncc1,2,5.366765987956435,0.00033155322825172996,5.366531544420414,5.367000431492456
O=C1c2ccccc2OCC1c1ccc(Oc2ccccc2)cc1,2,5.19466991845506,0.6012088289126163,4.769551078621726,5.619788758288394
O=C1c2ccccc2OCC1c1cccnc1,2,4.796559664975438,0.6222714209065721,4.356547323513812,5.236572006437063
O=S(=O)(N1CCN(c2ccc(/C=C/c3cc(F)cc(-c4ccncc4)c3)cc2)CC1)C(F)(F)F,2,6.0,0.0,6.0,6.0
O=[N+]([O-])c1ccc(C(c2cc3ccc(O)cc3o2)n2cncn2)cc1,2,7.221921144096424,0.00010238125555250964,7.221848749616356,7.221993538576491
O=[N+]([O-])c1ccc(Cn2ccnc2)c(Oc2ccccc2)c1,2,7.931006633638233,0.014407837623566818,7.920818753952375,7.941194513324093
O=[N+]([O-])c1ccc(Cn2ccnc2)cc1,2,7.218057829459912,0.46952057397843217,6.886056647693163,7.550059011226662
O=[N+]([O-])c1ccc(N(Cc2ccc(C(F)(F)F)cc2)n2cnnc2)cc1-c1ccccc1,2,7.837883884668951,0.00021142346665496472,7.837734385701978,7.838033383635925
O=[N+]([O-])c1ccc(N(Cc2ccc(C(F)(F)F)cc2)n2cnnc2)cc1Br,2,7.360912140360282,0.00014099751082689401,7.360812440064246,7.361011840656318
O=[N+]([O-])c1ccc(N(Cc2ccc(Cl)cc2)n2cnnc2)cc1Br,2,8.044889779710005,0.0001362131639914858,8.044793462458058,8.04498609696195
O=[N+]([O-])c1ccc(N(Cc2cccc(C(F)(F)F)c2)n2cnnc2)cc1-c1ccccc1,2,7.758951849328356,0.0,7.758951849328356,7.758951849328356
O=[N+]([O-])c1ccc(N(Cc2cccc(C(F)(F)F)c2)n2cnnc2)cc1Br,2,7.759950227887352,0.0,7.759950227887352,7.759950227887352
O=[N+]([O-])c1ccc(N(Cc2ccccc2)n2cnnc2)cc1-c1ccccc1,2,7.520064972009876,0.00010170312170683348,7.519993057042849,7.5201368869769025
O=[N+]([O-])c1ccc(N(Cc2ccccc2)n2cnnc2)cc1Br,2,7.400226115714961,0.0003087133441042189,7.400007822415902,7.400444409014019
O=[N+]([O-])c1ccc(Nn2cnnc2)cc1Br,2,7.042129455357945,0.00016918769266330514,7.04200982159317,7.042249089122721
O=[N+]([O-])c1cccc(CN(c2ccc([N+](=O)[O-])c(-c3ccccc3)c2)n2cnnc2)c1,2,7.70619569620428,0.00031224463613926706,7.705974905904677,7.706416486503883
O=[N+]([O-])c1cccc(CN(c2ccc([N+](=O)[O-])c(Br)c2)n2cnnc2)c1,2,7.916676618513341,0.0002534812964269395,7.916497380169733,7.916855856856948
O=c1c(-c2ccc(O)cc2)c(SCc2ccncc2)oc2cc(O)ccc12,3,6.552893679616466,8.956600775176999e-05,6.552841968657781,6.552997101533838
O=c1c(-c2ccccc2)c(-n2ccnc2)oc2cc(OCc3ccccc3)ccc12,3,3.2859977709101322,5.192686390643045,-2.7100000000000044,6.2839966563652006
O=c1c(-c2ccccc2)c(SCc2cccnc2)oc2cc(O)ccc12,3,5.44379846769012,0.00017488249819295532,5.443697499232712,5.444000404604937
O=c1c(-c2ccccc2)c(SCc2ccncc2)oc2cc(O)ccc12,3,6.214779373090184,0.00018915397944430857,6.214670164989233,6.2149977892920845
O=c1c(-c2ccccc2)c(SCc2ccncc2)oc2cc(OCc3ccccc3)ccc12,5,6.0778262147034114,1.3416662306667557,3.677780705266081,6.678008252452735
O=c1c(Cn2ccnc2)c(-c2ccc(Br)cc2)oc2ccccc12,3,6.357696833498854,0.0019910096979008115,6.356547323513812,6.359995853468939
O=c1c(Cn2ccnc2)c(-c2ccc([N+](=O)[O-])cc2)oc2ccccc12,3,7.347853006659157,0.001845535529059424,7.346787486224656,7.349984047528161
O=c1c(Cn2ccnc2)c(-c2ccccc2)oc2ccccc12,3,7.149170463411,0.0007427243961921629,7.1487416512809245,7.15002808767115
O=c1c(O)c(-c2ccc(O)c(O)c2)oc2cc(O)cc(O)c12,2,6.420818753952375,2.1213203435596424,4.920818753952375,7.920818753952375
O=c1c([C@@H](c2ccc(Br)cc2)n2ccnc2)coc2ccccc12,3,7.309863019718093,0.00010236376383636945,7.309803919971486,7.309981219211305
O=c1c([C@@H](c2ccc([N+](=O)[O-])cc2)n2ccnc2)coc2ccccc12,3,8.638839746258471,0.0009830813396205114,8.638272163982407,8.639974910810603
O=c1c([C@H](c2ccc(Br)cc2)n2ccnc2)coc2ccccc12,3,6.538402916051566,0.001387223654793639,6.537602002101044,6.540004743952609
O=c1c([C@H](c2ccc([N+](=O)[O-])cc2)n2ccnc2)coc2ccccc12,3,7.018484720779039,0.0013093504220040738,7.017728766960431,7.019996628416254
O=c1c2ccccc2oc2c(Br)ccc(Cn3ccnc3)c12,5,6.027523994117495,0.0013863806484357949,6.026872146400302,6.030002001401658
O=c1c2ccccc2oc2c(Cn3ccnc3)ccc(Br)c12,4,7.050549156539974,0.00042408958603713147,7.0499760934766735,7.051000545973047
O=c1c2ccccc2oc2c(Cn3ccnc3)ccc([N+](=O)[O-])c12,8,7.3982120587893245,0.0007265923132369482,7.397940008672037,7.400007822415902
O=c1c2ccccc2oc2c([N+](=O)[O-])ccc(Cn3ccnc3)c12,5,6.012536709501851,0.0014221934679165896,6.009998764965339,6.013228265733755
O=c1c2ccccc2oc2cc(Cn3ccnc3)ccc12,5,6.409160594383691,0.00046710929904899347,6.4089353929735005,6.409994580348671
O=c1c2ccccc2sc2c(Cn3ccnc3)ccc([N+](=O)[O-])c12,2,7.782516055786093,0.0,7.782516055786093,7.782516055786093
O=c1cc(-c2ccc(O)cc2)oc2cc(O)cc(O)c12,5,5.7009153564576724,0.4400422709097843,5.0,6.045757490560675
O=c1cc(-c2ccccc2)oc2c1ccc1ccccc12,2,6.426935982160881,1.0294993587861119,5.698970004336019,7.154901959985743
O=c1cc(-c2ccccc2)oc2cc(O)cc(O)c12,6,6.562808331376469,1.2045351648836657,5.823908740944319,9.0
O=c1cc(-c2ccccc2)oc2cc(O)ccc12,3,6.638318270717707,0.8978850408727804,5.721246399047171,7.515700160653214
O=c1cc(-c2ccccc2)oc2ccccc12,4,5.628205017511519,1.681808346514289,4.3190000440299645,8.096910013008056
O=c1cc(Cn2ccnc2)c2ccc(OCc3cc(F)cc(F)c3)cc2o1,2,6.772113295386326,0.0,6.772113295386326,6.772113295386326
O=c1cc(Cn2ccnc2)c2ccc(OCc3ccc(Cl)cc3)cc2o1,2,6.749579997691106,0.0,6.749579997691106,6.749579997691106
O=c1cc(Cn2ccnc2)c2ccc(OCc3ccc(F)c(F)c3)cc2o1,2,6.782516055786093,0.0,6.782516055786093,6.782516055786093
O=c1cc(Cn2ccnc2)c2ccc(OCc3ccc(OC(F)(F)F)cc3)cc2o1,2,6.317854923626168,0.0,6.317854923626168,6.317854923626168
O=c1cc(Cn2ccnc2)c2ccc(OCc3cccc(C(F)(F)F)c3)cc2o1,2,6.628932137728263,0.0,6.628932137728263,6.628932137728263
O=c1cc(Cn2ccnc2)c2ccc(OCc3cccc(Cl)c3)cc2o1,2,6.886056647693163,0.0,6.886056647693163,6.886056647693163
O=c1cc(Cn2ccnc2)c2ccc(OCc3cccc(F)c3)cc2o1,2,6.94692155651658,0.0,6.94692155651658,6.94692155651658
O=c1cc(Cn2ccnc2)c2ccc(OCc3cccc(OC(F)(F)F)c3)cc2o1,2,6.684029654543083,0.0,6.684029654543083,6.684029654543083
O=c1cc(Cn2ccnc2)c2ccc(OCc3cccc([N+](=O)[O-])c3)cc2o1,2,6.85078088734462,0.0,6.85078088734462,6.85078088734462
O=c1cc(Cn2ccnc2)c2ccc(OCc3ccccc3)cc2o1,6,6.82260212094364,0.0020242070009802676,6.819988880942282,6.823908740944319
O=c1cc(Cn2ccnc2)c2ccc(Oc3ccccc3)cc2o1,8,7.296248232930386,0.012838398957119452,7.289967300934246,7.327902142064283
O=c1cc(Cn2ccnc2)c2ccccc2o1,4,5.678889950500676,0.0012808460695823527,5.6777807052660805,5.679999195735272
O=c1cc(OCCn2ccnc2)c2ccccc2o1,5,5.172874007759932,2.1169269648443088,1.3860000000047767,6.119998611678231
O=c1ccc2cc(Cn3ccnc3)ccc2o1,5,6.662044094312421,0.39976647793405573,5.94692155651658,6.841637507904751
O=c1ccc2ccc(Cn3ccnc3)cc2o1,5,5.016197199438465,2.577178887678354,0.4059999999995574,6.170001911302621
O=c1ccc2ccc(OCCn3ccnc3)cc2o1,2,4.499999953328896,0.0,4.499999953328896,4.499999953328896
O=c1ccoc2c(Cn3ccnc3)ccc(Br)c12,5,4.591112116436931,2.43122776266526,0.2419999999968376,5.679999195735272
O=c1ccoc2c(Cn3ccnc3)ccc([N+](=O)[O-])c12,5,5.55904245733263,0.8944510977360195,3.959000015582562,5.95999928552668
O=c1ccoc2cc(Cn3ccnc3)ccc12,5,5.832600000001799,2.6103857569292312,1.1630000000089962,7.0
O=c1ccoc2cc(Cn3cnnc3)ccc12,4,5.431848759729396,0.00010096759278255263,5.431798275933005,5.43200021111857
O=c1oc2ccccc2c(Cn2ccnc2)c1-c1ccccc1,4,5.289941480027393,6.794851392540765e-05,5.289882634888183,5.290000325166601
OC(c1cn(Cc2ccccc2F)c2ccccc12)n1ccnc1,2,7.85403346669152,1.3393092649841596,6.9069988033152505,8.80106813006779
OCc1ccc(C2CCCc3cncn32)cc1,2,7.844815866871983,0.00021482517363333002,7.844663962534938,7.844967771209029
Oc1ccc(-c2ccc(Cc3ccncc3)cc2)cc1F,2,5.673523587720453,0.1467387159798569,5.569763646588489,5.777283528852417
Oc1ccc(-c2ccc(Cc3ccncc3)cc2)cc1O,2,5.61261017366127,0.0,5.61261017366127,5.61261017366127
Oc1ccc(/C=C/c2cc(O)cc(O)c2)cc1,8,4.893251727969639,1.02789117175593,4.096910013008056,7.397940008672037
Oc1ccc2c(c1)C1C(CC2)C1c1ccncc1,2,7.180225878824906,0.0003255316443698723,7.179995693191682,7.180456064458132
Oc1ccc2c(c1)CC(Cc1ccncc1)C2,2,5.721123003051012,0.00017450829130943944,5.720999607054854,5.721246399047171
Oc1ccc2c(c1)CC(Cc1ccncc1)CC2,2,5.886028253372011,4.0155634066723786e-05,5.88599985905086,5.886056647693163
Oc1ccc2c(c1)CCC(Cc1ccncc1)C2,2,6.124970587206073,4.504354734183374e-05,6.1249387366083,6.125002437803848
Oc1ccc2c(c1)CCC1C(c3ccncc3)C21,2,6.481242728391236,0.00034412303396163586,6.480999396660359,6.481486060122113
Oc1ccc2c(c1)OC(c1ccccc1)CC2n1ccnc1,2,7.39257807597615,0.007582917939054383,7.387216143280264,7.397940008672037
Oc1ccc2cc(-c3cccnc3)ccc2c1,2,5.006166867536862,0.7954518090751573,4.443697499232712,5.568636235841013
Oc1ccc2cc(C(c3ccc(Cl)cc3)n3cncn3)oc2c1,3,6.924673773742313,1.885942780992781,5.835647144215563,9.102372908709558
Oc1cccc(-c2ccc(Cc3ccncc3)cc2)c1,2,6.178486471595227,0.0,6.178486471595227,6.178486471595227
Oc1cccc2c1CC(Cc1ccncc1)C2,2,6.0,0.0,6.0,6.0
Oc1cccc2c1CCC(Cc1ccncc1)C2,2,6.275863477103734,0.0001970659994080808,6.275724130399211,6.276002823808256
Oc1cccc2c1CCC1C(c3ccncc3)C21,3,5.301019862480728,1.7551188238157973e-05,5.300999596114219,5.301029995663981
S=c1ccc2cc(Cn3ccnc3)ccc2o1,3,5.948973453315019,0.0017769947533914407,5.94692155651658,5.949999401714238
c1cc(CCn2ccnc2)c2cccnc2c1,3,6.455952637816672,3.582256396357298e-05,6.455931955649724,6.455994002150566
c1cc(CCn2ccnc2)c2ccsc2c1,3,5.448700131029548,0.00026003105988624384,5.448550002027125,5.449000389034394
c1cc2cc(-n3ccnc3)ccc2cn1,3,5.514185878018547,0.00016055331541496698,5.514000487018798,5.51427857351842
c1cc2ccc(Cn3ccnc3)cc2cn1,3,5.662616022458185,0.34208850619883974,5.267606240177032,5.860120913598763
c1ccc(-c2nsc(-c3ccccc3)n2)cc1,3,4.362504079555892,0.10647623664954098,4.301029995663981,4.485452247339714
c1ccc(C(c2ccccc2)n2ccnc2)cc1,2,7.300977886578993,0.5628458506495758,6.902985768821967,7.698970004336019
c1ccc(C2(n3ccnc3)c3ccccc3-c3ccccc32)cc1,5,7.130463368112717,0.00041751816516607545,7.130005999878258,7.130768280269024
c1ccc(C2(n3cncn3)c3ccccc3-c3ccccc32)cc1,4,5.398970097364309,0.0011894439675441547,5.3979400086720375,5.40000018605658
c1ccc2c(c1)-c1ccccc1C2n1ccnc1,5,5.548630630403762,0.0033781007166923754,5.54515513999149,5.552841968657781
c1ccc2c(c1)CC(Cc1ccncc1)C2,3,5.619859348349429,0.00012226557222215427,5.619788758288394,5.620000528471499
c1ccc2c(c1)CCC(Cc1ccncc1)C2,2,5.920909250824263,0.00012798190357698054,5.920818753952375,5.920999747696151
c1ccc2c(c1)CCC1C(c3c[nH]cn3)C21,2,6.221924764454062,0.00010750121442561265,6.221848749616356,6.222000779291768
c1ccc2c(c1)CCC1C(c3cc[nH]n3)C21,2,4.292214911940571,0.00030393141065918506,4.291999999979078,4.292429823902063
c1ccc2c(c1)CCC1C(c3ccncc3)C21,3,6.532208136675126,0.17374216201241469,6.431798275933005,6.732828271596986
c1ccc2c(c1)CCCC2CCn1ccnc1,2,6.1549515993141,7.020061138971561e-05,6.154901959985743,6.155001238642457
c1ccc2cc(-n3ccnc3)ccc2c1,3,5.55067859878235,0.0018735332699051698,5.549596913844634,5.552841968657781
c1cn(CCC2CCCc3occc32)cn1,2,6.0361059852976835,0.00015017160008386316,6.035999797940923,6.036212172654444
c1cn(CCC2CCCc3sccc32)cn1,2,6.356774459834947,0.0003212192658560538,6.356547323513812,6.357001596156081
c1cnc2c(c1)C(CCCn1ccnc1)CCC2,2,6.455962978900145,4.387350149432616e-05,6.455931955649724,6.455994002150566
c1cnc2c(c1)C(CCn1ccnc1)CCC2,2,6.420107856897075,0.00015350791281181015,6.41999931041096,6.42021640338319
c1cnc2c(c1)C(Cn1ccnc1)CCC2,3,6.795916213075555,6.269284594071207e-05,6.795880017344075,6.795988604538516
c1cnc2c(c1)C(n1ccnc1)CCC2,2,5.193909957165412,0.0001271818510197088,5.1938200260161125,5.193999888314712
c1cnc2c(c1)CCCC2n1ccnc1,2,3.9548385135946478,0.0002283847158619695,3.9546770212133424,3.955000005975953
c1cncc(-c2ccc3ccccc3c2)c1,4,5.356810195609217,0.22810859083819773,5.242072816886671,5.698970004336019
c1cncc(-c2nsc(-c3cccnc3)n2)c1,2,6.659379381312206,0.05598959602307623,6.619788758288394,6.698970004336019
c1cncc(C2C3CCc4ccccc4C32)c1,2,4.886028253372011,4.0155634066723786e-05,4.88599985905086,4.886056647693163
