Compound,Type,MW,cLogP,HBD,HBA,TPSA,RotB,Rings,AromaticRings,Lipinski_Violations,Lipinski_Pass,Veber_Pass,QSAR_Probability,NN_Similarity,SMILES
Letrozole,Reference,281.14599999999996,3.510580000000002,0,4,54.5,2,2,2,0,True,True,,,N#CC(C)(C)n1cnc(n1)c2ccc(Cl)cc2Cl
Anastrozole,Reference,237.266,2.0754599999999996,0,5,78.28999999999999,2,2,2,0,True,True,,,N#CC(C)(C)n1cnc(n1)c2ccc(C#N)cc2
Exemestane,Reference,286.415,4.087400000000003,0,2,34.14,0,4,0,0,True,True,,,CC12CCC3C(C1CCC2=O)CCC4=CC(=O)CCC34C
chrysin,AfroDB_Hit,254.24099999999999,2.871200000000001,2,4,70.67,1,3,3,0,True,True,0.9773096719091948,1.0,Oc1cc(O)c2c(c1)oc(cc2=O)c1ccccc1
sigmoidin,AfroDB_Hit,406.4780000000001,5.497200000000006,2,5,75.99000000000001,3,4,2,1,False,True,0.789653237344124,0.6507936507936508,CC(=CCc1cc(cc2c1OC(C)(C)C=C2)[C@@H]1CC(=O)c2c(O1)cc(cc2O)O)C
lawinal,AfroDB_Hit,298.294,2.9252200000000013,2,5,83.83000000000001,2,3,2,0,True,True,0.7876552458470018,0.64,O=Cc1c2O[C@@H](CC(=O)c2c(c(c1O)C)O)c1ccccc1
manniflavanone,AfroDB_Hit,590.4930000000003,3.108900000000002,9,13,234.66999999999996,3,6,4,3,False,False,0.7762166059112678,0.509090909090909,Oc1cc(O)c2c(c1)O[C@@H]([C@H](C2=O)c1c(O)cc(c2c1O[C@H](c1ccc(c(c1)O)O)[C@H](C2=O)O)O)c1ccc(c(c1)O)O
pinocembrin,AfroDB_Hit,256.257,2.8043000000000005,2,4,66.76,1,3,2,0,True,True,0.7716657154904079,1.0,Oc1cc2O[C@@H](CC(=O)c2c(c1)O)c1ccccc1
sigmoidin,AfroDB_Hit,356.3740000000001,3.7242000000000033,4,6,107.22000000000001,3,3,2,0,True,True,0.7612822789090559,0.7884615384615384,CC(=CCc1cc(cc(c1O)O)[C@@H]1CC(=O)c2c(O1)cc(cc2O)O)C
matairesinol,AfroDB_Hit,358.39000000000004,2.6894000000000013,2,6,85.22000000000001,6,3,2,0,True,True,0.76,0.5416666666666666,COc1cc(ccc1O)C[C@H]1C(=O)OC[C@@H]1Cc1ccc(c(c1)OC)O
chamanetin,AfroDB_Hit,362.3810000000001,4.1007000000000025,3,5,86.99000000000001,3,4,3,0,True,True,0.7596079119323091,0.5714285714285714,Oc1cc(O)c2c(c1Cc1ccccc1O)O[C@@H](CC2=O)c1ccccc1
"5,7-dihydroxy-4'-methoxy-3′-(3-hydroxy-3-methylbut-1-enyl)-5′-(3-methylbut-2-enyl)flavanone",AfroDB_Hit,408.49400000000014,5.527300000000006,3,5,86.99000000000001,5,3,2,1,False,True,0.7481848932833214,0.82,CC(=CCc1cc(cc(c1O)CC=C(C)C)[C@@H]1CC(=O)c2c(O1)cc(cc2O)O)C
"5,3',4'-trihydroxy-7-methoxyflavanone",AfroDB_Hit,302.282,2.5185000000000013,3,6,96.22000000000001,2,3,2,0,True,True,0.7430362023000745,0.75,COc1cc2OC(CC(=O)c2c(c1)O)c1ccc(c(c1)O)O
abyssinoflavone,AfroDB_Hit,424.49300000000017,4.498100000000005,4,6,107.22000000000001,6,3,2,0,True,True,0.7393088277607694,0.6721311475409836,CC(=CCc1cc(cc(c1O)CC(C(=C)C)O)[C@@H]1CC(=O)c2c(O1)cc(cc2O)O)C
sigmoidin,AfroDB_Hit,354.3580000000001,3.6941000000000015,3,6,96.22000000000001,1,4,2,0,True,True,0.737516967861583,0.5555555555555556,Oc1cc2O[C@@H](CC(=O)c2c(c1)O)c1cc(O)c2c(c1)C=CC(O2)(C)C
isobavachalcone,AfroDB_Hit,324.37600000000003,4.208200000000002,3,4,77.76,5,2,2,0,True,True,0.7325683678818532,1.0,CC(=CCc1c(O)ccc(c1O)C(=O)/C=C/c1ccc(cc1)O)C
sigmoidin,AfroDB_Hit,422.4770000000002,5.202800000000005,3,6,96.22000000000001,3,4,2,1,False,True,0.7246732988404458,0.5217391304347826,CC(=CCc1c(cc2c(c1O)OC(C=C2)(C)C)[C@H]1CC(=O)c2c(O1)cc(cc2O)O)C
macarangin,AfroDB_Hit,422.47700000000015,5.517600000000007,4,6,111.13000000000001,6,3,3,1,False,True,0.7221870240633567,0.6825396825396826,C/C(=C\Cc1c(O)cc2c(c1O)c(=O)c(c(o2)c1ccc(cc1)O)O)/CCC=C(C)C
4'-O-methylsigmoidin,AfroDB_Hit,370.40100000000007,4.027200000000004,3,6,96.22000000000001,4,3,2,0,True,True,0.7110459479851332,0.7454545454545455,COc1c(O)cc(cc1CC=C(C)C)C1CC(=O)c2c(O1)cc(cc2O)O
sigmoidin,AfroDB_Hit,370.40100000000007,4.027200000000004,3,6,96.22000000000001,4,3,2,0,True,True,0.7110459479851332,0.7454545454545455,COc1c(O)cc(cc1CC=C(C)C)[C@@H]1CC(=O)c2c(O1)cc(cc2O)O
"5,7-dihydroxy-4'-methoxy-3'-(3-methylbutadienyl)-5'-(3-methylbut-2-enyl)flavanone",AfroDB_Hit,420.5050000000002,5.910900000000007,2,5,75.99000000000001,6,3,2,1,False,True,0.708678132302734,0.640625,COc1c(CC=C(C)C)cc(cc1/C=C/C(=C)C)[C@@H]1CC(=O)c2c(O1)cc(cc2O)O
"(2S)-5,7-dimethoxy-8-(3-methylbut-1,3-dienyl)flavanone",AfroDB_Hit,336.387,4.696600000000004,1,4,55.76,4,3,2,0,True,True,0.7069978726253723,0.6545454545454545,COc1cc(O)c2c(c1/C=C/C(=C)C)O[C@@H](CC2=O)c1ccccc1
burttinone,AfroDB_Hit,438.52000000000027,5.105700000000007,3,6,96.22000000000001,6,3,2,1,False,True,0.7053358685006805,0.6307692307692307,COc1c(CC=C(C)C)cc(cc1/C=C/C(O)(C)C)[C@@H]1CC(=O)c2c(O1)cc(cc2O)O
lupinifolin,AfroDB_Hit,406.47800000000007,5.497200000000006,2,5,75.99000000000001,3,4,2,1,False,True,0.7043177085980997,0.5147058823529411,CC(=CCc1c2OC(CC(=O)c2c(c2c1OC(C)(C)C=C2)O)c1ccc(cc1)O)C
abyssinoflavone,AfroDB_Hit,338.3590000000001,3.988500000000002,2,5,75.99000000000001,1,4,2,0,True,True,0.703496785034594,0.6153846153846154,Oc1cc2O[C@@H](CC(=O)c2c(c1)O)c1ccc2c(c1)C=CC(O2)(C)C
abyssinone,AfroDB_Hit,322.36000000000007,4.282900000000003,1,4,55.760000000000005,1,4,2,0,True,True,0.7009855629182268,0.6122448979591837,Oc1ccc2c(c1)O[C@@H](CC2=O)c1ccc2c(c1)C=CC(O2)(C)C
(S)-lupinifolin,AfroDB_Hit,420.50500000000017,5.800200000000006,1,5,64.99000000000001,4,4,2,1,False,True,0.7008496792834251,0.6461538461538462,COc1ccc(cc1)[C@@H]1CC(=O)c2c(O1)c(CC=C(C)C)c1c(c2O)C=CC(O1)(C)C
"5,7-dihydroxy-4'-methoxy-3′,5′-di-(3-methylbut-2-enyl)flavanone",AfroDB_Hit,422.5210000000002,5.8303000000000065,2,5,75.99000000000001,6,3,2,1,False,True,0.6962134246116947,0.7735849056603774,COc1c(CC=C(C)C)cc(cc1CC=C(C)C)[C@@H]1CC(=O)c2c(O1)cc(cc2O)O
sigmoidin,AfroDB_Hit,424.4930000000002,5.232900000000006,4,6,107.22000000000001,5,3,2,1,False,True,0.681199083422392,0.6666666666666666,CC(=CCc1c(cc(c(c1O)O)CC=C(C)C)[C@@H]1CC(=O)c2c(O1)cc(cc2O)O)C
dichamanetin,AfroDB_Hit,468.5050000000002,5.397100000000006,4,6,107.22000000000001,5,5,4,1,False,True,0.6806179197110915,0.5,Oc1ccccc1Cc1c(O)c(Cc2ccccc2O)c(c2c1O[C@@H](CC2=O)c1ccccc1)O
"(2S)-5,7-dimethoxy-8-(3-hydroxy-3-methylbut-1Z-enyl)flavanone",AfroDB_Hit,368.42900000000014,4.1944000000000035,1,5,64.99000000000001,5,3,2,0,True,True,0.677516185302803,0.5517241379310345,COc1cc(OC)c2c(c1/C=C/C(O)(C)C)OC(CC2=O)c1ccccc1
abyssinin,AfroDB_Hit,424.4930000000002,5.232900000000007,4,6,107.22000000000001,5,3,2,1,False,True,0.6750768112925032,0.631578947368421,CC(=CCc1c(cc(c(c1CC=C(C)C)O)O)[C@@H]1CC(=O)c2c(O1)cc(cc2O)O)C
uvarinol,AfroDB_Hit,694.7800000000003,8.292900000000008,5,8,136.68,10,7,6,2,False,True,0.6701390605441989,0.53125,COc1c(Cc2cc(ccc2O)Cc2ccccc2O)c(O)c2c(c1Cc1cc(ccc1O)Cc1ccccc1O)O[C@@H](CC2=O)c1ccccc1
(2S)-7-hydroxy-5-methoxy-8-prenylflavanone,AfroDB_Hit,338.4030000000001,4.616000000000003,1,4,55.760000000000005,4,3,2,0,True,True,0.6667515504460648,0.7192982456140351,COc1cc(O)c(c2c1C(=O)C[C@H](O2)c1ccccc1)CC=C(C)C
isochamanetin,AfroDB_Hit,362.3810000000001,4.100700000000002,3,5,86.99000000000001,3,4,3,0,True,True,0.661401481419674,0.6122448979591837,O=C1C[C@H](Oc2c1c(O)c(c(c2)O)Cc1ccccc1O)c1ccccc1
hesperetin,AfroDB_Hit,302.282,2.5185000000000013,3,6,96.22000000000001,2,3,2,0,True,True,0.6603523719559503,1.0,COc1ccc(cc1O)[C@@H]1CC(=O)c2c(O1)cc(cc2O)O
abyssinin,AfroDB_Hit,370.40100000000007,4.027200000000004,3,6,96.22000000000001,4,3,2,0,True,True,0.6506586473653538,0.7192982456140351,COc1cc(cc(c1O)CC=C(C)C)[C@@H]1CC(=O)c2c(O1)cc(cc2O)O
6-methoxytecleanthine,AfroDB_Hit,343.3350000000001,2.4462,0,7,68.15,3,4,3,0,True,True,0.6505152722979344,0.5,COc1ccc2c(c1OC)n(C)c1c(c2=O)c(OC)c2c(c1)OCO2
chamaejasmin,AfroDB_Hit,542.4960000000003,4.485600000000005,6,10,173.98,3,6,4,2,False,False,0.6501610372400404,0.5813953488372093,Oc1ccc(cc1)C1Oc2cc(O)cc(c2C(=O)C1C1C(Oc2c(C1=O)c(O)cc(c2)O)c1ccc(cc1)O)O
3'-prenylnaringenin,AfroDB_Hit,338.35900000000004,4.085500000000003,3,5,90.9,3,3,3,0,True,True,0.6477937182860393,0.6792452830188679,CC(=CCc1cc(ccc1O)c1cc(=O)c2c(o1)cc(cc2O)O)C
obovatin,AfroDB_Hit,322.36,4.282900000000003,1,4,55.760000000000005,1,4,2,0,True,True,0.6427820086685,0.5283018867924528,O=C1CC(Oc2c1c(O)cc1c2C=CC(O1)(C)C)c1ccccc1
abyssinin,AfroDB_Hit,368.3850000000001,3.9971000000000037,2,6,85.22000000000001,2,4,2,0,True,True,0.6410233297287837,0.5833333333333334,COc1cc(cc2c1OC(C)(C)C=C2)C1CC(=O)c2c(O1)cc(cc2O)O
demethoxymatteucinol,AfroDB_Hit,284.311,3.421140000000002,2,4,66.76,1,3,2,0,True,True,0.6298422699103585,0.75,Cc1c2O[C@@H](CC(=O)c2c(c(c1O)C)O)c1ccccc1
eryvarin,AfroDB_Hit,286.283,3.528200000000002,2,5,72.06,3,3,3,0,True,True,0.6283311356742904,0.5490196078431373,COc1cc(O)c(cc1c1oc2c(c1)ccc(c2)O)OC
7-O-methylaromadendrin,AfroDB_Hit,302.282,1.7836999999999996,3,6,96.22,2,3,2,0,True,True,0.6198380325804237,0.5416666666666666,COc1cc2O[C@H](c3ccc(cc3)O)[C@H](C(=O)c2c(c1)O)O
postratol,AfroDB_Hit,460.61400000000026,7.330400000000008,2,4,66.76,7,3,2,1,False,True,0.616364581856046,0.6785714285714286,CC(=CCc1c2O[C@@H](CC(=O)c2cc(c1O)CC=C(C)C)c1ccc(c(c1)CC=C(C)C)O)C
"7,7''-beta-diglucoside",AfroDB_Hit,866.7780000000007,-0.5682000000000005,12,20,332.28,9,8,4,3,False,False,0.6000921001798214,0.5540540540540541,OC[C@H]1OC(Oc2cc(O)c3c(c2)O[C@@H]([C@H](C3=O)[C@@H]2[C@H](Oc3c(C2=O)c(O)cc(c3)OC2O[C@H](CO)[C@H]([C@@H]([C@H]2O)O)O)c2ccc(cc2)O)c2ccc(cc2)O)[C@@H]([C@H]([C@@H]1O)O)O
veprisiniol,AfroDB_Hit,388.4160000000001,3.210200000000002,3,7,105.45,7,3,2,0,True,True,0.5962003460121766,0.6610169491525424,OCC(CCOc1cc2OC(CC(=O)c2c(c1)O)c1ccc(c(c1)O)OC)C
"5,7-dihydroxy-2',3',4',5'-tetramethoxyflavone",AfroDB_Hit,374.3450000000002,2.9056000000000006,2,8,107.59000000000002,5,3,3,0,True,True,0.5934842537383213,0.5,COc1cc(c2cc(=O)c3c(o2)cc(cc3O)O)c(c(c1OC)OC)OC
lanceolatin,AfroDB_Hit,262.264,4.206200000000003,0,3,43.35,1,4,4,0,True,True,0.5809176963662864,0.625,O=c1cc(oc2c1ccc1c2cco1)c1ccccc1
erysubin,AfroDB_Hit,390.47900000000016,5.888600000000006,2,4,70.67,5,3,3,1,False,True,0.5763054757572684,0.5423728813559322,CC(=CCc1cc(ccc1O)c1coc2c(c1=O)ccc(c2CC=C(C)C)O)C
"5,7,4'-trihydroxy-2',3',5'-trimethoxyflavone",AfroDB_Hit,360.31800000000015,2.6026000000000007,3,8,118.59000000000002,4,3,3,0,True,True,0.5696964544486132,0.5,COc1cc(c2cc(=O)c3c(o2)cc(cc3O)O)c(c(c1O)OC)OC
luteolin,AfroDB_Hit,594.5220000000004,-1.3927000000000003,9,15,249.19999999999993,6,5,3,3,False,False,0.56931819908954,0.5487804878048781,OC[C@H]1O[C@@H](Oc2cc(O)c3c(c2)oc(cc3=O)c2ccc(c(c2)O)O)[C@@H]([C@H]([C@@H]1O)O)O[C@@H]1O[C@@H](C)[C@@H]([C@H]([C@H]1O)O)O
"3',4',5,7-tetrahydroxy-3,6-dimethoxyflavone",AfroDB_Hit,346.29100000000005,2.2996000000000008,4,8,129.59,3,3,3,0,True,True,0.566594221266395,0.6101694915254238,COc1c(O)cc2c(c1O)c(=O)c(c(o2)c1ccc(c(c1)O)O)OC
beta-amyrin,AfroDB_Hit,468.7660000000004,8.739700000000004,0,2,26.3,1,5,0,1,False,True,0.5646923041397964,0.6212121212121212,CC(=O)OC1CCC2(C(C1(C)C)CCC1(C2CC=C2C1(C)CCC1(C2CC(C)(C)CC1)C)C)C
3-acetoxy-beta-amyrin,AfroDB_Hit,468.7660000000004,8.739700000000004,0,2,26.3,1,5,0,1,False,True,0.5646923041397964,0.6212121212121212,CC(=O)O[C@@H]1CC[C@]2([C@H](C1(C)C)CC[C@@]1([C@@H]2CC=C2[C@@]1(C)CC[C@@]1([C@H]2CC(C)(C)CC1)C)C)C
3-acetoxy-alpha-amyrin,AfroDB_Hit,468.7660000000004,8.739700000000004,0,2,26.3,1,5,0,1,False,True,0.5646923041397964,0.6212121212121212,CC(=O)O[C@H]1CC[C@]2([C@H](C1(C)C)CC[C@@]1([C@@H]2CC=C2[C@@]1(C)CC[C@@]1([C@H]2CC(C)(C)CC1)C)C)C
abyssinone,AfroDB_Hit,390.4790000000001,5.791600000000005,1,4,55.760000000000005,3,4,2,1,False,True,0.5572501543612508,0.6507936507936508,CC(=CCc1cc(cc2c1OC(C)(C)C=C2)C1CC(=O)c2c(O1)cc(cc2)O)C
phaseollidin,AfroDB_Hit,324.37600000000003,4.216200000000002,2,4,58.92,2,4,2,0,True,True,0.5530357791251267,0.5,CC(=CCc1c(O)ccc2c1O[C@@H]1[C@H]2COc2c1ccc(c2)O)C
medicarpan,AfroDB_Hit,270.284,3.0105000000000017,1,4,47.92,1,4,2,0,True,True,0.5459507459152262,0.6,COc1ccc2c(c1)O[C@H]1[C@@H]2COc2c1ccc(c2)O
6-hydroxystigmast-4-en-3-one,AfroDB_Hit,428.70100000000025,7.203800000000009,1,2,37.3,6,4,0,1,False,True,0.545258845930396,0.5409836065573771,CC[C@@H](C(C)C)CC[C@H]([C@H]1CC[C@@H]2[C@]1(C)CC[C@H]1[C@H]2CC(C2=CC(=O)CC[C@]12C)O)C
tetramethylscutellarein,AfroDB_Hit,342.3470000000001,3.4944000000000015,0,6,67.13000000000001,5,3,3,0,True,True,0.5398152215686642,0.5,COc1ccc(cc1)c1cc(=O)c2c(o1)cc(c(c2OC)OC)OC
amentoflavone,AfroDB_Hit,538.4640000000004,5.134000000000007,6,10,181.8,3,6,6,3,False,False,0.5388599640038385,0.5714285714285714,Oc1ccc(cc1)c1cc(=O)c2c(o1)c(c(cc2O)O)c1cc(ccc1O)c1cc(=O)c2c(o1)cc(cc2O)O
arjunic,AfroDB_Hit,488.70900000000034,5.175200000000005,4,4,97.99,1,5,0,1,False,True,0.5324285457708868,0.6031746031746031,O[C@@H]1C[C@@]2(C)[C@H](C([C@H]1O)(C)C)CC[C@@]1([C@@H]2CC=C2[C@@]1(C)CC[C@@]1([C@H]2[C@H](O)C(C)(C)CC1)C(=O)O)C
5-hydroxy-7-methoxyflavanone,AfroDB_Hit,270.284,3.1073000000000013,1,4,55.760000000000005,2,3,2,0,True,True,0.5284059403695952,0.7441860465116279,COc1cc2OC(CC(=O)c2c(c1)O)c1ccccc1
sigmoidin,AfroDB_Hit,454.4750000000003,4.466600000000005,1,8,108.36000000000001,6,3,2,0,True,True,0.524432550735228,0.59375,COc1c(CC=C(C)C)cc(cc1OC(=O)C)C1CC(=O)c2c(O1)cc(cc2O)OC(=O)C
"(2alpha,3beta)-dihydroxyurs-12-en-28-oic",AfroDB_Hit,472.7100000000004,6.204400000000007,3,3,77.76,1,5,0,1,False,True,0.5239206262593281,0.5384615384615384,O[C@@H]1C[C@@]2(C)[C@H](C([C@H]1O)(C)C)CC[C@@]1([C@@H]2CC=C2[C@@]1(C)CC[C@@]1([C@H]2CC(C)(C)CC1)C(=O)O)C
7-hydroxy-5-methoxyflavanone,AfroDB_Hit,270.284,3.1073000000000013,1,4,55.760000000000005,2,3,2,0,True,True,0.5162068231275618,0.7045454545454546,COc1cc(O)cc2c1C(=O)CC(O2)c1ccccc1
maprounic,AfroDB_Hit,498.7480000000004,7.804400000000009,1,3,63.60000000000001,2,5,0,1,False,True,0.5146923041397965,0.5142857142857142,CC(=O)O[C@H]1CC[C@]2(C(C1(C)C)CC[C@@]1(C2CC[C@@]2(C1=CCC1(C2CC(C)(C)CC1)C(=O)O)C)C)C
3beta-acetoxy,AfroDB_Hit,498.7480000000004,7.804400000000009,1,3,63.60000000000001,2,5,0,1,False,True,0.5146923041397965,0.5142857142857142,CC(=O)O[C@H]1CC[C@]2(C(C1(C)C)CC[C@@]1(C2CC[C@@]2(C1=CC[C@@]1(C2CC(C)(C)CC1)C(=O)O)C)C)C
acetyl,AfroDB_Hit,498.7480000000004,7.804400000000009,1,3,63.60000000000001,2,5,0,1,False,True,0.5146923041397965,0.5142857142857142,CC(=O)O[C@H]1CC[C@]2([C@H](C1(C)C)CC[C@@]1([C@@H]2CC[C@@]2(C1=CC[C@@]1([C@H]2CC(C)(C)CC1)C(=O)O)C)C)C
"4',5,7-trihydroxy-3',3,6-trimethoxyflavone",AfroDB_Hit,360.3180000000001,2.6026,3,8,118.59000000000002,4,3,3,0,True,True,0.5075638403405381,0.515625,COc1cc(ccc1O)c1oc2cc(O)c(c(c2c(=O)c1OC)O)OC
"6,6'-dihydroxy-4'-methoxy-2-arylbenzofuran",AfroDB_Hit,256.25699999999995,3.519600000000001,2,4,62.83,2,3,3,0,True,True,0.5022143443005064,0.5128205128205128,COc1ccc(c(c1)O)c1cc2c(o1)cc(cc2)O
"7-hydroxy-4',5,6,8-tetramethoxyflavanone",AfroDB_Hit,360.3620000000001,3.133100000000002,1,7,83.45000000000002,5,3,2,0,True,True,0.5016488702185573,0.5576923076923077,COc1ccc(cc1)C1CC(=O)c2c(O1)c(OC)c(c(c2OC)OC)O
